<_templates Include="trucks"/>
<TruckAddon>
	<TruckData>
		<Damage>
			<Multiplier Multiplier="1.0" Type="Engine" />
		</Damage>
	</TruckData>
	<PhysicsModel Mesh="trucks/kenworth_963_tuning/kenworth_963_bumper_default">
		<Body ImpactType="Truck" Mass="10" ModelFrame="BoneCabin_cdt">
			<Constraint Type="Rigid" />
			<Body Mass="1" Collisions="None" ModelFrame="BoneFootrestR_cdt">
				<Constraint Type="Hinge" AxisLocal="(0; 0; 1)" MinLimit="-30" MaxLimit="30">
					<Motor Damping="12" Spring="5" Type="Spring" />
				</Constraint>
			</Body>
			<Body Mass="1" Collisions="None" ModelFrame="BoneFootrestL_cdt">
				<Constraint Type="Hinge" AxisLocal="(0; 0; 1)" MinLimit="-30" MaxLimit="30">
					<Motor Damping="12" Spring="5" Type="Spring" />
				</Constraint>
			</Body>
		</Body>
	</PhysicsModel>
	<ModelAttachments _noinherit="true">
		<HeadLight>
			<Model _template="HeadLightRay" Org="(4.436; 1.659; -0.903)" />
			<Model _template="HeadLightRay" Org="(4.436; 1.659; 0.903)" />
			<Flare _template="HeadLight" Color="g(255; 235; 215) x 0.5" Size=".4" Pos="(4.436; 1.659; -0.903)" />
			<Flare _template="HeadLight" Color="g(255; 235; 215) x 0.5" Size=".4" Pos="(4.436; 1.659; 0.903)" />
			<!-- <Flare _template="HeadLight" Color="g(255; 235; 215) x 0.5" Size=".35" Pos="(4.445; 1.132; -0.366)" />
			<Flare _template="HeadLight" Color="g(255; 235; 215) x 0.5" Size=".35" Pos="(4.445; 1.132; 0.366)" /> -->
		</HeadLight>
		<Ignition>
			<Flare _template="HeadLight" DirAngle="90" Pos="(4.436; 1.659; -0.903)" ParentFrame="BoneCabin_cdt" />
			<Flare _template="HeadLight" DirAngle="90" Pos="(4.436; 1.659; 0.903)" ParentFrame="BoneCabin_cdt" />
			<Flare _template="IgnitionSignalWhite" DirAngle="90" Pos="(4.400; 1.132; -0.547)" ParentFrame="BoneCabin_cdt" />
			<Flare _template="IgnitionSignalWhite" DirAngle="90" Pos="(4.400; 1.132; -0.366)" ParentFrame="BoneCabin_cdt" />
			<Flare _template="IgnitionSignalWhite" DirAngle="90" Pos="(4.400; 1.132; 0.547)" ParentFrame="BoneCabin_cdt" />
			<Flare _template="IgnitionSignalWhite" DirAngle="90" Pos="(4.400; 1.132; 0.366)" ParentFrame="BoneCabin_cdt" />
		</Ignition>
	</ModelAttachments>
	<MainHeadLight _template="Multiply2"/>
	<GameData
		CameraPreset="hoods"
		Category="bumper"
		Price="1000"
		UnlockByExploration="false"
		UnlockByRank="1"
	>
		<UiDesc
			UiDesc="UI_TUNING_BUMPER_STOCK_DESC"
			UiIcon30x30=""
			UiIcon40x40=""
			UiName="UI_TUNING_BUMPER_STOCK_NAME"
		/>
		<InstallSocket Type="Kenworth963Bumper" />
	</GameData>
</TruckAddon>
