<_templates Include="trucks">
	<TruckTire>
		<Offroad _template="Superheavy">
			<WheelTracks _template="Offroad" />
			<WheelSoftness _template="Average" />
		</Offroad>
	</TruckTire>
</_templates>
<TruckWheels DamageCapacity="50" Radius="1" Width="0.84">
	<TruckTires>
		<TruckTire _template="Offroad" Mesh="wheels/tire_kenworth_963" Name="allterrain_1">
			<WheelFriction _template="Allterrain" BodyFrictionAsphalt="1.6" BodyFriction="1.7" SubstanceFriction="1.0"/>
			<GameData
				Price="4900"
				UnlockByExploration="false"
				UnlockByRank="1"
			>
				<UiDesc UiDesc="UI_TIRE_ALLTERRAIN_DESC" UiName="UI_TIRE_HEAVY_OFFROAD_KENWORTH_963_NAME" />
			</GameData>
		</TruckTire>
	</TruckTires>
	<TruckRims>
		<TruckRim Mesh="wheels/rim_kenworth_963" Name="rim">
			<GameData>
				<UiDesc UiDesc="UI_RIM_HEAVY_OFFROAD_SINGLE_KENWORTH_963_DESC" UiName="UI_RIM_HEAVY_OFFROAD_SINGLE_KENWORTH_963_NAME" />
			</GameData>
		</TruckRim>
	</TruckRims>
</TruckWheels>
