<_templates Include="trucks" />
<TruckAddon>
	<Snorkel Origin="(1.805; 2.439; -1.060)" />
	<PhysicsModel Mesh="trucks/tuz_16_actaeon_tuning/tuz_16_actaeon_snorkel_1">
		<Body
			Collisions="None"
			ImpactType="Truck"
			Mass="10"
			ModelFrame="BoneCabin_cdt"
		>
			<Constraint Type="Rigid" />
			<Body Collisions="None" Mass="5" ModelFrame="BoneChassis_cdt">
				<Constraint ExplicitParentFrame="0" Type="Fixed" />
			</Body>
		</Body>
	</PhysicsModel>
	<GameData
		CameraPreset="side_l"
		Category="snorkel"
		Price="3800"
		UnlockByExploration="false"
		UnlockByRank="17"
	>
		<UiDesc
			UiDesc="UI_TUNING_SNORKEL_FRONTFACE_TALL_DESC"
			UiIcon30x30=""
			UiIcon40x40=""
			UiName="UI_TUNING_SNORKEL_FRONTFACE_TALL_NAME"
		/>
		<InstallSocket Type="tuz_16_actaeonSnorkel" />
	</GameData>
</TruckAddon>
