<_templates Include="trucks">
	<TruckTire>
		<Mudtires _template="Superheavy">
			<WheelTracks _template="Offroad" />
			<WheelFriction _template="HeavyMudtires" />
		</Mudtires>
	</TruckTire>
</_templates>
<TruckWheels DamageCapacity="100" Radius="1" Width="0.73">
	<TruckTires>
		<TruckTire _template="Mudtires" Mesh="wheels/tire_futom_7290ra" Name="tire">
			<GameData
				Price="6600"
				UnlockByExploration="false"
				UnlockByRank="1"
			>
				<UiDesc UiDesc="UI_TIRE_MUDTIRES_DESC" UiName="UI_TIRE_SUPERHEAVY_MUDTIRES_FUTOM_7290RA_NAME" />
			</GameData>
			<WheelSoftness RadiusOffset="0.065" SoftForceScale="0.3" />
			<WheelTracks
                TextureAlpha="tracks/kirovets_k7m_base_alpha__s_d.tga"
                TextureHeight="tracks/kirovets_k7m_base_height__s_d.tga"
			/>
		</TruckTire>
	</TruckTires>
	<TruckRims>
		<TruckRim Mesh="wheels/rim_futom_7290ra" Name="rim">
			<GameData>
				<UiDesc UiDesc="UI_RIM_SUPERHEAVY_MUDTIRES_1_DESC" UiName="UI_RIM_SUPERHEAVY_MUDTIRES_FUTOM_7290RA_NAME" />
			</GameData>
		</TruckRim>
	</TruckRims>
</TruckWheels>
