<_templates Include="trucks" />
<SuspensionSetVariants>
	<SuspensionSet
		_template="Normal"
		BrokenWheelDamageMultiplier="2"
		CriticalDamageThreshold="0.6"
		DamageCapacity="300"
		Name="mack_defense_m917_suspension_default"
	>
		<Suspension
			WheelType="front"
			Damping="0.4"
			Height="0.18"
			Strength="0.05" 
			BrokenSuspensionMin="-0.27"
			BrokenSuspensionMax="-0.1"
			SuspensionMin="-0.25"
			SuspensionMax="-0.1"
		/>
		
		<Suspension
			WheelType="rear"
			Damping="0.3"
			Height="0.12" 
			Strength="0.03"
			BrokenSuspensionMin="-0.27" 
			BrokenSuspensionMax="-0.1" 
			SuspensionMin="-0.25"
			SuspensionMax="-0.1"
		/>
		
		<GameData
			Price="4400"
			UnlockByExploration="false"
			UnlockByRank="1"
		>
			<UiDesc
				UiDesc="UI_SUSPENSION_DEFAULT_DESC"
				UiIcon30x30=""
				UiIcon40x40=""
				UiName="UI_SUSPENSION_DEFAULT_NAME"
			/>
		</GameData>
		
	</SuspensionSet>
	
	<SuspensionSet
		_template="High"
		BrokenWheelDamageMultiplier="2"
		CriticalDamageThreshold="0.4"
		DamageCapacity="260"
		Name="mack_defense_m917_suspension_high"
	>
		<Suspension
			WheelType="front"
			Damping="0.3"
			Height="0.23"
			Strength="0.05"  
			BrokenSuspensionMax=".25" 
			SuspensionMin="-0.3"
		/>
		
		<Suspension
			WheelType="rear"
			Height="0.17"
			Strength="0.03"
			BrokenSuspensionMax=".25" 
			SuspensionMin="-0.25" 
			Damping="0.3"
		/>
		
		<GameData
			Price="7900"
			UnlockByExploration="false"
			UnlockByRank="1"
			>
			<UiDesc
				UiDesc="UI_SUSPENSION_HIGH_DESC"
				UiIcon30x30=""
				UiIcon40x40=""
				UiName="UI_SUSPENSION_HIGH_NAME"
			/>
		</GameData>
	</SuspensionSet>
	
	<SuspensionSet
		_template="Active"
		BrokenWheelDamageMultiplier="2"
		CriticalDamageThreshold="0.6"
		DamageCapacity="180"
		Name="mack_defense_m917_suspension_active"
		DeviationDelta=".002"
	>
		<Suspension 
			Height="0.19" 
			Strength="0.04" 
			WheelType="front" 
			BrokenSuspensionMax=".25" 
			SuspensionMin="-0.2" 
			Damping="0.4"
			DeviationMax="0.1"
		/>
		<Suspension 
			Height="0.13" 
			Strength="0.02" 
			WheelType="rear" 
			BrokenSuspensionMax=".25" 
			SuspensionMin="-0.3" 
			Damping="0.3"
			DeviationMax="0.1" 
		/>
		<GameData
			Price="11300"
			UnlockByExploration="false"
			UnlockByRank="1"
		>
			<UiDesc
				UiDesc="UI_SUSPENSION_ACTIVE_DESC"
				UiIcon30x30=""
				UiIcon40x40=""
				UiName="UI_SUSPENSION_ACTIVE_NAME"
			/>
		</GameData>
	</SuspensionSet>
</SuspensionSetVariants>
