<_templates Include="trucks"/>
<TruckAddon>
	<TruckData>
		<Damage>
			<Multiplier Multiplier="1.0" Type="Engine" />
		</Damage>
	</TruckData>
	<PhysicsModel Mesh="trucks/plad_450_tuning/plad_450_bumper_default">
		<Body ImpactType="Truck" Mass="20">
			<Constraint Type="Rigid" />
		</Body>
	</PhysicsModel>
	<ModelAttachments>
		<Ignition>
			<Light _template="IgnitionSignalWhite" Color="g(253; 220; 186) x 1" Pos="(6; 1.850; 1)" ParentFrame="BoneCabin_cdt" />
			<Light _template="IgnitionSignalWhite" Color="g(253; 220; 186) x 1" Pos="(6; 1.850; -1)" ParentFrame="BoneCabin_cdt" />
			
			<Flare _template="IgnitionSignalOrange" ColorMultAtDay=".2" Color="g(255; 160; 2) x .5" Dir="(1; 0; 0)" Size="0.2" Pos="(5.401; 1.677; 1.222)" ParentFrame="BoneCabin_cdt" />
			<Flare _template="IgnitionSignalOrange" ColorMultAtDay=".2" Color="g(255; 160; 2) x .5" Dir="(1; 0; 0)" Size="0.2" Pos="(5.401; 1.677; -1.222)" ParentFrame="BoneCabin_cdt" />
			<Flare _template="IgnitionSignalOrange" ColorMultAtDay=".2" Color="g(255; 160; 2) x .5" Dir="(1; 0; 0)" Size="0.2" Pos="(5.401; 1.677; 1.222)" ParentFrame="BoneCabin_cdt" />
			<Flare _template="IgnitionSignalOrange" ColorMultAtDay=".2" Color="g(255; 160; 2) x .5" Dir="(1; 0; 0)" Size="0.2" Pos="(5.401; 1.677; -1.222)" ParentFrame="BoneCabin_cdt" />
			
			<Flare _template="IgnitionSignalWhite" ColorMultAtDay=".05" DirAngle="90" Color="g(253; 220; 186) x 1" Size="0.4" Pos="(5.411; 1.292; -1.157)" ParentFrame="BoneCabin_cdt" />
			<Flare _template="IgnitionSignalWhite" ColorMultAtDay=".05" DirAngle="90" Color="g(253; 220; 186) x 1" Size="0.4" Pos="(5.411; 1.292; 1.157)" ParentFrame="BoneCabin_cdt" />
			<Flare _template="IgnitionSignalWhite" ColorMultAtDay=".05" DirAngle="90" Color="g(253; 220; 186) x 1" Size="0.2" Pos="(5.614; 0.998; -0.776)" ParentFrame="BoneCabin_cdt" />
			<Flare _template="IgnitionSignalWhite" ColorMultAtDay=".05" DirAngle="90" Color="g(253; 220; 186) x 1" Size="0.2" Pos="(5.614; 0.998; 0.776)" ParentFrame="BoneCabin_cdt" />
			<Flare _template="IgnitionSignalWhite" ColorMultAtDay=".05" DirAngle="90" Color="g(253; 220; 186) x 1" Size="0.2" Pos="(5.390; 1.063; -1.146)" ParentFrame="BoneCabin_cdt" />
			<Flare _template="IgnitionSignalWhite" ColorMultAtDay=".05" DirAngle="90" Color="g(253; 220; 186) x 1" Size="0.2" Pos="(5.390; 1.063; 1.146)" ParentFrame="BoneCabin_cdt" />
		</Ignition>
		<HeadLight>
			<Model _template="HeadLightRay" Org="(5.411; 1.291; -1.157)" ParentFrame="BoneCabin_cdt" />
			<Model _template="HeadLightRay" Org="(5.411; 1.291; 1.157)" ParentFrame="BoneCabin_cdt" />
			<Flare _template="HeadLight" Color="g(255; 235; 200) x 0.6" Size=".2" Pos="(5.411; 1.291; -1.157)" ParentFrame="BoneCabin_cdt" />
			<Flare _template="HeadLight" Color="g(255; 235; 200) x 0.6" Size=".2" Pos="(5.411; 1.291; 1.157)" ParentFrame="BoneCabin_cdt" />
			<Flare _template="BlueStreak" Pos="(5.411; 1.291; -1.157)" ParentFrame="BoneCabin_cdt" />
			<Flare _template="BlueStreak" Pos="(5.411; 1.291; 1.157)" ParentFrame="BoneCabin_cdt" />
		</HeadLight>
	</ModelAttachments>
	<MainHeadLight _template="Multiply1"/>
	<GameData
		CameraPreset="hoods_default"
		Category="bumper"
		Price="1200"
		UnlockByExploration="false"
		UnlockByRank="1"
	>
		<UiDesc
			UiDesc="UI_TUNING_BUMPER_STOCK_DESC"
			UiIcon30x30=""
			UiIcon40x40=""
			UiName="UI_TUNING_BUMPER_STOCK_NAME"
		/>
		<InstallSocket Type="Plad450Bumper" />
	</GameData>
</TruckAddon>
