<_templates Include="trucks"/>
<TruckAddon>
	<TruckData>
		<Shakers>
			<Shaker Frame="BoneExhaust_R_cdt" LimitDirectionY="Negative" MaxAngle="(0.7; 0.7; 0.7)" MaxFrequency="4.0" ParentFrame="BoneExhaust_R_cdt" />
		</Shakers>
	</TruckData>
	<PhysicsModel Mesh="trucks/mack_defense_m917_tuning/mack_defense_m917_exhaust_2">
		<Body
			Collisions="None"
			ImpactType="Truck"
			Mass="10"
			ModelFrame="BoneAddon_cdt"
		>
			<Constraint Type="Rigid" />
		</Body>
	</PhysicsModel>
	<GameData
		CameraPreset="exhaust"
		Category="exhaust"
		Price="1900"
		UnlockByExploration="false"
		UnlockByRank="12"
	>
		<UiDesc
			UiDesc="UI_TUNING_EXHAUST_OUTROLLED_DESC"
			UiIcon30x30=""
			UiIcon40x40=""
			UiName="UI_TUNING_EXHAUST_OUTROLLED_NAME"
		/>
		<InstallSocket Type="MackDefenseM917Exhaust" />
	</GameData>
	<Exhaust Dir="(-0.661; 0.0; -0.751)" IsLight="true" Origin="(1.852; 3.76; -1.017" Speed="3.82" ParentFrame="BoneExhaust_R_cdt"/>
</TruckAddon>
