<_templates Include="trucks">
	<Body>
		<Hitch AngularDamping="3.0" Collisions="None" Mass="1">
			<Constraint
				AxisLocal="(0; 0; 1)"
				Type="Hinge"
				MinLimit="-80"
				MaxLimit="30"
			/>
		</Hitch>
	</Body>
</_templates>
<TruckAddon>
	<TruckData>
		<Damage>
			<Multiplier Multiplier="0.7" Type="Engine" />
		</Damage>
		<Shakers>
			<Shaker Frame="BoneExhaustL" MinAngle="(0.3; 0.3; 0.3)" MaxAngle="(2.100; 2.100; 2.100)" MaxFrequency="3.4" />
			<Shaker Frame="BoneExhaustR" MinAngle="(0.3; 0.3; 0.3)" MaxAngle="(2.100; 2.100; 2.100)" MaxFrequency="3.3" />
		</Shakers>
	</TruckData>
	<PhysicsModel Mesh="trucks/rezvani_tank_tuning/rezvani_tank_bumper_rear_1">
		<Body ImpactType="Truck" Mass="10">
			<Constraint Type="Rigid" />
			<Body _template="Hitch" ModelFrame="BoneHitchLeft_cdt" />
			<Body _template="Hitch" ModelFrame="BoneHitchRight_cdt"> 
				<Constraint AxisLocal="(0; 0; 1)" MinLimit="-60" MaxLimit="20" />
			</Body>
		</Body>
	</PhysicsModel>
	<GameData
		CameraPreset="rear"
		Category="rear"
		Price="1500"
		UnlockByExploration="false"
		UnlockByRank="1"
	>
		<UiDesc
			UiDesc="UI_TUNING_BUMPER_REINFORCED_DESC"
			UiIcon30x30=""
			UiIcon40x40=""
			UiName="UI_TUNING_BUMPER_REINFORCED_NAME"
		/>
		<InstallSocket Type="RezvaniTankBumperRear" />
	</GameData>
	<Exhaust Dir="(-0.76; 0.53; 0.35)" IsLight="true" Origin="(-2.366; 0.558; 0.367)" Speed="2.0" />
	<Exhaust Dir="(-0.76; 0.53; 0.35)" IsLight="true" Origin="(-2.366; 0.558; -0.367)" Speed="2.0" />
</TruckAddon>