<_templates Include="trucks"/>
<TruckAddon IsChassisFullOcclusion="true">
	<WheelRepairsHide>
		<Mesh Frame="plad_450_spare_wheel" HideThreshold="0.0" />
	</WheelRepairsHide>
	<TruckData WheelRepairsCapacity="1" />
	<PhysicsModel Mesh="trucks/addons/plad_450_sideboard">
		<Body Mass="600" ModelFrame="BoneAddon1_cdt">
			<Constraint Type="Rigid" ExplicitParentFrame="0"/>
				<Body Mass="50" ModelFrame="BoneWheel_cdt">
					<Constraint
						AxisLocal="(1; 0; 0)"
						Type="Prismatic"
						MinLimit="-0.003"
						MaxLimit="0.003"
					>
						<Motor Damping="1" Spring="7000" Type="Spring" />
					</Constraint>
				</Body>
				<Body Collisions="None" Mass="500" ModelFrame="BoneAddon2_cdt">
					<Constraint ExplicitParentFrame="1" Type="Fixed" />
				</Body>
		</Body>
	</PhysicsModel>
	<GameData
		CameraPreset="addon_1"
		Category="frame_addons"
		IsCustomizable="true"
		Price="4200"
		UnlockByExploration="false"
		UnlockByRank="4"
		ExcludedCargoTypes="CargoWing2, CargoForcklift, CargoIronRoad"
	>
		<UiDesc
			UiDesc="UI_ADDON_PLAD_450_SIDEBOARD_DESC"
			UiIcon30x30=""
			UiIcon40x40=""
			UiName="UI_ADDON_PLAD_450_SIDEBOARD_NAME"
		/>
		<InstallSocket Type="Plad450Sideboard" />
		<AddonSlots InitialOffset="(-2.4; 1.962; 0)" OffsetStep="(-2.6; 0; 0)" ParentFrames="BoneAddon_cdt, BoneAddon_cdt, BoneAddon_cdt, BoneAddon_cdt" Quantity="2" />
	</GameData>
</TruckAddon>
