<_templates Include="trucks">
	<Body>
		<Mudguard Collisions="None" Mass="5">
			<Constraint
				AxisLocal="(0; 0; 1)"
				Type="Hinge"
				MinLimit="-28"
				MaxLimit="14"
			>
				<Motor Damping="2" Spring="1" Type="Spring" />
			</Constraint>
		</Mudguard>
	</Body>
</_templates>
<TruckAddon>
	<TruckData>
		<Damage>
			<Multiplier Multiplier="0.8" Type="Engine" />
		</Damage>
	</TruckData>
	<PhysicsModel Mesh="trucks/mtb_8106_tuning/mtb_8106_bumper_1">
		<Body ImpactType="Truck" Mass="20" ModelFrame="BoneCabin_cdt">
			<Constraint Type="Rigid" />
			<Body
				AngularDamping="6"
				Collisions="None"
				Mass="1"
				ModelFrame="BoneHook_cdt"
			>
				<Constraint
					AxisLocal="(0; 0; 1)"
					Type="Hinge"
					MinLimit="-15"
					MaxLimit="8.5"
				/>
			</Body>
			<Body _template="Mudguard" ModelFrame="BoneLeftFrontMudguard_cdt">
				<Constraint AxisLocal="(0; 0; 1)" MinLimit="-30" MaxLimit="14" />
			</Body>
			<Body _template="Mudguard" ModelFrame="BoneRightFrontMudguard_cdt"/>
		</Body>
	</PhysicsModel>
	<GameData
		CameraPreset="default"
		Category="bumper"
		Price="1200"
		UnlockByExploration="false"
		UnlockByRank="1"
	>
		<UiDesc
			UiDesc="UI_TUNING_BUMPER_DEFENDER_DESC"
			UiIcon30x30=""
			UiIcon40x40=""
			UiName="UI_TUNING_BUMPER_DEFENDER_NAME"
		/>
		<InstallSocket Type="MTB8106Bumper" />
	</GameData>
</TruckAddon>