<_templates>
	<Engine>
		<USTruckOldHeavyEngine
			BrakesDelay="0.5"
			CriticalDamageThreshold="0.7"
			DamageCapacity="200"
			EngineResponsiveness="0.04"
			DamagedMinTorqueMultiplier="1.0"
			DamagedMaxTorqueMultiplier="0.5"
			MaxDeltaAngVel="0.01"
		/>
	</Engine>
</_templates>
<EngineVariants>
	<Engine
		_template="USTruckOldHeavyEngine"
		CriticalDamageThreshold="0.6"
		DamageCapacity="180"
		DamagedConsumptionModifier="1.6"
		EngineResponsiveness="0.1"
		FuelConsumption="8.5"
		Name="us_truck_old_heavy_engine_0"
		Torque="175000"
		DamagedMinTorqueMultiplier="1.0"
		DamagedMaxTorqueMultiplier="0.6"
	>
		<GameData
			Price="5700"
			UnlockByExploration="false"
			UnlockByRank="1"
		>
			<UiDesc
				UiDesc="UI_ENGINE_US_TRUCK_OLD_HEAVY_0_DESC"
				UiIcon30x30=""
				UiIcon40x40=""
				UiName="UI_ENGINE_US_TRUCK_OLD_HEAVY_0_NAME"
			/>
		</GameData>
	</Engine>
	<Engine
		_template="USTruckOldHeavyEngine"
		CriticalDamageThreshold="0.7"
		DamageCapacity="240"
		DamagedConsumptionModifier="1.7"
		EngineResponsiveness="0.15"
		FuelConsumption="9.0"
		Name="us_truck_old_heavy_engine_1"
		Torque="190000"
		DamagedMinTorqueMultiplier="1.0"
		DamagedMaxTorqueMultiplier="0.7"
	>
		<GameData
			Price="13200"
			UnlockByExploration="false"
			UnlockByRank="1"
		>
			<UiDesc
				UiDesc="UI_ENGINE_US_TRUCK_OLD_HEAVY_1_DESC"
				UiIcon30x30=""
				UiIcon40x40=""
				UiName="UI_ENGINE_US_TRUCK_OLD_HEAVY_1_NAME"
			/>
		</GameData>
	</Engine>
	<Engine
		CriticalDamageThreshold="0.6"
		DamageCapacity="250"
		DamagedConsumptionModifier="1.6"
		FuelConsumption="12.0"
		Name="us_truck_old_heavy_engine_kenworth_963"
		Torque="265000"
		BrakesDelay="0.5"
		EngineResponsiveness="0.2"
		DamagedMinTorqueMultiplier="1.0"
		DamagedMaxTorqueMultiplier="0.7"
		MaxDeltaAngVel="0.012"
	>
		<GameData
			Price="16000"
			UnlockByExploration="true"
			UnlockByRank="1"
		>
			<UiDesc
				UiDesc="UI_ENGINE_US_TRUCK_OLD_KENWORTH_963_DESC"
				UiIcon30x30=""
				UiIcon40x40=""
				UiName="UI_ENGINE_US_TRUCK_OLD_KENWORTH_963_NAME"
			/>
		</GameData>
	</Engine>
</EngineVariants>
