<_templates Include="trucks"/>
<_parent File="kenworth_w990_wings_default" />
<TruckAddon>
<TruckData>
		<Damage>
			<Multiplier Multiplier="0.99" Type="Suspension" />
		</Damage>
	</TruckData>
	<PhysicsModel Mesh="trucks/kenworth_w990_tuning/kenworth_w990_wings_1">
		<Body ImpactType="Truck" Mass="30" ModelFrame="BoneCabin_cdt">
			<Constraint Type="Rigid" />
		</Body>
	</PhysicsModel>
	<GameData
		CameraPreset="default"
		Category="miscellenious"
		Price="600"
		UnlockByExploration="false"
		UnlockByRank="1"
	>
		<UiDesc
			UiDesc="UI_TUNING_FORD_CLT9000_FRONT_01_DESC"
			UiIcon30x30=""
			UiIcon40x40=""
			UiName="UI_TUNING_FORD_CLT9000_FRONT_01_NAME"
		/>
		<InstallSocket Type="KenworthW990Wings" />
	</GameData>
</TruckAddon>
