<TruckAddon>
	<TruckData>
		<Damage>
			<Multiplier Multiplier="0.8" Type="FuelTank" />
		</Damage>
	</TruckData>
	<PhysicsModel Mesh="trucks/aac_58dw_tuning/aac_58dw_bumper_rear_1">
		<Body Mass="30" ModelFrame="BoneChassis_cdt">
			<Constraint Type="Rigid" />
		</Body>
	</PhysicsModel>
	<GameData
		CameraPreset="rear"
		Category="rear"
		Price="1500"
		UnlockByExploration="false"
		UnlockByRank="1"
	>
		<UiDesc
			UiDesc="UI_TUNING_BUMPER_REINFORCED_DESC"
			UiIcon30x30=""
			UiIcon40x40=""
			UiName="UI_TUNING_BUMPER_REINFORCED_NAME"
		/>
		<InstallSocket Type="Aac58DwRearBumper" />
	</GameData>
</TruckAddon>
