<TruckAddon>
	<WheelRepairsHide>
		<Mesh Frame="wheel" HideThreshold="0.0" />
	</WheelRepairsHide>
	<TruckData WheelRepairsCapacity="1" />
	<PhysicsModel Mesh="trucks/neo_falcon_2000_tuning/neo_falcon_2000_spare_wheel_default">
		<Body ImpactType="Truck" Mass="20" ModelFrame="BoneWheel_cdt">
			<Constraint
				AxisLocal="(-1; 0; 0)"
				Type="Hinge"
				MinLimit="-5"
				MaxLimit="5"
			>
				<Motor Damping="1.2" Spring="0.5" Type="Spring" />
			</Constraint>
		</Body>
	</PhysicsModel>
	<GameData
		CameraPreset="rear"
		Category="wheel_addon"
		Price="1700"
		UnlockByExploration="false"
		UnlockByRank="1"
	>
		<UiDesc
			UiDesc="UI_TUNING_SPARE_WHEEL_DESC"
			UiIcon30x30=""
			UiIcon40x40=""
			UiName="UI_TUNING_SPARE_WHEEL_NAME"
		/>
		<InstallSocket Type="NeoFalcon2000SpareWheel" />
	</GameData>
</TruckAddon>
