<_templates Include="trucks" />
<TruckAddon>
	<TruckData>
		<Damage>
			<Multiplier Multiplier="1.0" Type="Engine" />
		</Damage>
	</TruckData>
	<PhysicsModel Mesh="trucks/tuz_16_actaeon_tuning/tuz_16_actaeon_bumper_default">
		<Body ImpactType="Truck" Mass="50" ModelFrame="BoneCabin_cdt">
			<Constraint Type="Rigid" />
			<Body
				CenterOfMassOffset="(0; 0; 0)"
				ImpactType="Truck"
				Mass="10"
				ModelFrame="BoneHook_cdt"
			>
				<Constraint
					AxisLocal="(0; 1; 0)"
					PivotOffset="(0; 0; 0)"
					Type="Hinge"
					MinLimit="-15"
					MaxLimit="5"
				>
					<Motor Damping="4" Spring="40" Type="Spring" />
				</Constraint>
			</Body>
		</Body>
	</PhysicsModel>
	<GameData
		CameraPreset="hoods"
		Category="bumper"
		Price="600"
		UnlockByExploration="false"
		UnlockByRank="1"
	>
		<UiDesc
			UiDesc="UI_TUNING_BUMPER_STOCK_DESC"
			UiIcon30x30=""
			UiIcon40x40=""
			UiName="UI_TUNING_BUMPER_STOCK_NAME"
		/>
		<InstallSocket Type="tuz_16_actaeonBumper" />
	</GameData>
</TruckAddon>
