<_templates Include="trucks"/>
<TruckAddon>
	<TruckData>
		<Damage>
			<Multiplier Multiplier="1.0" Type="Engine" />
		</Damage>
	</TruckData>
	<PhysicsModel Mesh="trucks/mack_defense_m917_tuning/mack_defense_m917_bumper_default">
		<Body ImpactType="Truck" Mass="10">
			<Constraint Type="Rigid" />
		</Body>
	</PhysicsModel>
	<ModelAttachments>
		<HeadLight>
			<Flare _template="HeadLight" Color="g(255; 235; 215) x 1" Size="0.22" Pos="(5.3; 1.1; 0.88)" ParentFrame="BoneCabin_cdt" />
			<Flare _template="HeadLight" Color="g(255; 235; 215) x 1" Size="0.22" Pos="(5.3; 1.1; -0.88)" ParentFrame="BoneCabin_cdt" />
		</HeadLight>
	</ModelAttachments>
	<MainHeadLight _template="Multiply1"/>
	<GameData
		CameraPreset="hoods"
		Category="bumper"
		Price="800"
		UnlockByExploration="false"
		UnlockByRank="1"
	>
		<UiDesc
			UiDesc="UI_TUNING_BUMPER_STOCK_DESC"
			UiIcon30x30=""
			UiIcon40x40=""
			UiName="UI_TUNING_BUMPER_STOCK_NAME"
		/>
		<InstallSocket Type="MackDefenseM917Bumper" />
	</GameData>
</TruckAddon>
