<_templates Include="trucks" />
<TruckAddon>
	<PhysicsModel Mesh="trucks/azov_670963n_tuning/azov_670963n_visor_1" />
	<ModelAttachments>
		<Ignition>
			<Flare _template="IgnitionSignalOrange" AspectRatio="1" Color="g(255; 140; 0) x 0.5" Dir="(0; 0; -1)" Size="0.5" Pos="(5.422; 3.358; -0.780)" DirAngle="110" />
			<Flare _template="IgnitionSignalOrange" AspectRatio="1" Color="g(255; 140; 0) x 0.5" Dir="(0; 0; -1)" Size="0.5" Pos="(5.448; 3.370; -0.194)" DirAngle="110" />
			<Flare _template="IgnitionSignalOrange" AspectRatio="1" Color="g(255; 140; 0) x 0.5" Dir="(0; 0; -1)" Size="0.5" Pos="(5.451; 3.372; 0)" DirAngle="110" />
			<Flare _template="IgnitionSignalOrange" AspectRatio="1" Color="g(255; 140; 0) x 0.5" Dir="(0; 0; -1)" Size="0.5" Pos="(5.422; 3.358; 0.780)" DirAngle="110" />
			<Flare _template="IgnitionSignalOrange" AspectRatio="1" Color="g(255; 140; 0) x 0.5" Dir="(0; 0; -1)" Size="0.5" Pos="(5.448; 3.370; 0.194)" DirAngle="110" />
		</Ignition>
	</ModelAttachments>
	<GameData
		CameraPreset="roof"
		Category="fender_front"
		Price="1300"
		UnlockByExploration="false"
		UnlockByRank="1"
	>
		<UiDesc
			UiDesc="UI_TUNING_SUNVISOR_STRAIGHTCAP_DESC"
			UiIcon30x30=""
			UiIcon40x40=""
			UiName="UI_TUNING_SUNVISOR_STRAIGHTCAP_NAME"
		/>
		<InstallSocket Type="Azov670963nVisor" />
	</GameData>
</TruckAddon>