<_templates Include="trucks">
	<Body>
		<Mudguard Collisions="None" Mass="5">
			<Constraint
				AxisLocal="(0; 0; 1)"
				Type="Hinge"
				MinLimit="-28"
				MaxLimit="14"
			>
				<Motor Damping="2" Spring="1" Type="Spring" />
			</Constraint>
		</Mudguard>
	</Body>
</_templates>
<TruckAddon>
	<TruckData>
		<Damage>
			<Multiplier Multiplier="1.0" Type="Engine" />
		</Damage>
	</TruckData>
	<PhysicsModel Mesh="trucks/mtb_8106_tuning/mtb_8106_bumper_default">
		<Body ImpactType="Truck" Mass="10" ModelFrame="BoneCabin_cdt">
			<Constraint Type="Rigid" />
			<Body _template="Mudguard" ModelFrame="BoneLeftFrontMudguard_cdt">
				<Constraint AxisLocal="(0; 0; 1)" MinLimit="-30" MaxLimit="14" />
			</Body>
			<Body _template="Mudguard" ModelFrame="BoneRightFrontMudguard_cdt"/>
		</Body>
	</PhysicsModel>
	<ModelAttachments>
		<HeadLight>
			<Flare _template="IgnitionSignalWhite" Color="g(240; 225; 215) x 0.7" Size="0.3" Pos="(2.024; 0.657; 0.571)" ParentFrame="BoneCabin_cdt" />
			<Flare _template="IgnitionSignalWhite" Color="g(240; 225; 215) x 0.7" Size="0.3" Pos="(2.024; 0.657; -0.571)" ParentFrame="BoneCabin_cdt" />
		</HeadLight>
	</ModelAttachments>
	<GameData
		CameraPreset="default"
		Category="bumper"
		Price="900"
		UnlockByExploration="false"
		UnlockByRank="1"
	>
		
		<UiDesc
			UiDesc="UI_TUNING_BUMPER_STOCK_DESC"
			UiIcon30x30=""
			UiIcon40x40=""
			UiName="UI_TUNING_BUMPER_STOCK_NAME"
		/>
		<InstallSocket Type="MTB8106Bumper" />
	</GameData>
</TruckAddon>
