<_templates Include="trucks"/>
<TruckAddon>
	<TruckData>
		<Shakers>
			<Shaker Frame="BoneExhaust_R_cdt" LimitDirectionY="Negative" MinAngle="(0.2; 0.7; 0.2)" MaxAngle="(0.7; 0.7; 0.7)" MaxFrequency="4.9" ParentFrame="BoneExhaust_R_cdt" />
		</Shakers>
	</TruckData>
	<PhysicsModel Mesh="trucks/mack_defense_m917_tuning/mack_defense_m917_exhaust_1">
		<Body
			Collisions="None"
			ImpactType="Truck"
			Mass="10"
			ModelFrame="BoneAddon_cdt"
		>
			<Constraint Type="Rigid" />
		</Body>
	</PhysicsModel>
	<GameData
		CameraPreset="exhaust"
		Category="exhaust"
		Price="1500"
		UnlockByExploration="false"
		UnlockByRank="1"
	>
		<UiDesc
			UiDesc="UI_TUNING_EXHAUST_HEATSHIELD_DESC"
			UiIcon30x30=""
			UiIcon40x40=""
			UiName="UI_TUNING_EXHAUST_SNUB_HEATSHIELD_NAME"
		/>
		<InstallSocket Type="MackDefenseM917Exhaust" />
	</GameData>
	<Exhaust Dir="(-0.664; -0.003; -0.748)" IsLight="true" Origin="(1.859; 3.111; -1.019)" Speed="3.82" ParentFrame="BoneExhaust_R_cdt"/>
</TruckAddon>
