<_templates Include="trucks" />
<TruckAddon>
	<PhysicsModel Mesh="trucks/burlak_6x6_tuning/burlak_6x6_beacon_1">
		<Body ImpactType="Truck" Mass="2" ModelFrame="BoneCabin_cdt">
			<Constraint Type="Rigid" />
		</Body>
	</PhysicsModel>
	<Rotator EngineTorqueFactor="0" Frame="BoneRotatorLeft" RotationSpeed="3.8" />
	<Rotator EngineTorqueFactor="0" Frame="BoneRotatorRight" RotationSpeed="3.9" />
	<ModelAttachments>
		<Ignition _template="Flasher">
			<Model
				Color="g(255; 111; 5) x 0.55"
				Dir="(1; 0.222; 0.563)"
				Org="(2.127; 3.451; -0.716)"
				Scale="(0.19; 0.19; 0.19)"
				ParentFrame="BoneRotatorRight"
				Reflections="false"
			/>
			<Light Dir="(-0.796; 0.222; 0.563)" Pos="(2.127; 3.451; -0.716)" ParentFrame="BoneRotatorRight" />
			<Flare Color="g(255; 111; 5) x 0.45" Dir="(-0.796; 0.222; 0.563)" Size="1" Pos="(2.127; 3.451; -0.716)" ParentFrame="BoneRotatorRight" />
			<Flare Color="g(255; 111; 5) x 0.7" Dir="(-0.796; 0.222; 0.563)" Size="0.7" Pos="(2.127; 3.451; -0.716)" ParentFrame="BoneRotatorRight" />
			<Flare Color="g(255; 111; 5) x 0.55" Size="1" Pos="(2.127; 3.451; -0.716)" ParentFrame="BoneRotatorRight" />
		</Ignition>
		<Ignition _template="Flasher">
			<Model
				Color="g(255; 111; 5) x 0.55"
				Dir="(1; 0.222; 0.563)"
				Org="(2.127; 3.451; 0.716)"
				Scale="(0.19; 0.19; 0.19)"
				ParentFrame="BoneRotatorLeft"
			/>
			<Light Dir="(-0.796; 0.222; 0.563)" Pos="(2.127; 3.451; 0.716)" ParentFrame="BoneRotatorLeft" />
			<Flare Color="g(255; 111; 5) x 0.45" Dir="(-0.796; 0.222; 0.563)" Size="1" Pos="(2.127; 3.451; 0.716)" ParentFrame="BoneRotatorLeft" />
			<Flare Color="g(255; 111; 5) x 0.7" Dir="(-0.796; 0.222; 0.563)" Size="0.7" Pos="(2.127; 3.451; 0.716)" ParentFrame="BoneRotatorLeft" />
			<Flare Color="g(255; 111; 5) x 0.55" Size="1" Pos="(2.127; 3.451; 0.716)" ParentFrame="BoneRotatorLeft" />
		</Ignition>
	</ModelAttachments>
	<GameData
		CameraPreset="roof"
		Category="top"
		Price="600"
		UnlockByExploration="false"
		UnlockByRank="1"
	>
		<UiDesc
			UiDesc="UI_TUNING_BEACONS_STOCK_DESC"
			UiIcon30x30=""
			UiIcon40x40=""
			UiName="UI_TUNING_BEACONS_STOCK_NAME"
		/>
		<InstallSocket Type="BurlakBeacon" />
	</GameData>
</TruckAddon>
