<_templates Include="trucks"/>
<TruckAddon>
	<TruckData>
		<Damage>
			<Multiplier Multiplier="0.75" Type="Engine" />
		</Damage>
	</TruckData>
	<PhysicsModel Mesh="trucks/neo_falcon_2000_tuning/neo_falcon_2000_bumper_2">
		<Body ImpactType="Truck" Mass="20" ModelFrame="BoneCabin_cdt">
			<Constraint Type="Rigid" />
			<Body
				AngularDamping="6"
				Collisions="None"
				Mass="1"
				ModelFrame="BoneHook_cdt"
			>
				<Constraint
					AxisLocal="(0; 0; 1)"
					Type="Hinge"
					MinLimit="-15"
					MaxLimit="8.5"
				/>
			</Body>
		</Body>
	</PhysicsModel>
	<ModelAttachments>
		<MainHeadLight>
			<Flare _template="HeadLight" Size="0.25" Pos="(2.294; 0.766; -0.692)" />
			<Flare _template="HeadLight" Size="0.25" Pos="(2.294; 0.766; 0.692)" />
		</MainHeadLight>
	</ModelAttachments>
	<MainHeadLight _template="Multiply1" />
	<GameData
		CameraPreset="default"
		Category="bumper"
		Price="1500"
		UnlockByExploration="false"
		UnlockByRank="8"
	>
		<UiDesc
			UiDesc="UI_TUNING_BUMPER_DEFENDER_DESC"
			UiIcon30x30=""
			UiIcon40x40=""
			UiName="UI_TUNING_BUMPER_DEFENDER_NAME"
		/>
		<InstallSocket Type="NeoFalcon2000Bumper" />
	</GameData>
</TruckAddon>
