<_templates Include="trucks" />
<TruckAddon>
	<TruckData>
		<Damage>
			<Multiplier Multiplier="0.9" Type="Engine" />
		</Damage>
	</TruckData>
	<PhysicsModel Mesh="trucks/neo_falcon_2000_tuning/neo_falcon_2000_bumper_rear_default">
		<Body ImpactType="Truck" Mass="5">
			<Constraint Type="Rigid" />
		</Body>
	</PhysicsModel>
	<GameData
		CameraPreset="rear"
		Category="rear"
		Price="800"
		UnlockByExploration="false"
		UnlockByRank="1"
	>
		<UiDesc
			UiDesc="UI_TUNING_BUMPER_STOCK_DESC"
			UiIcon30x30=""
			UiIcon40x40=""
			UiName="UI_TUNING_BUMPER_STOCK_NAME"
		/>
		<InstallSocket Type="NeoFalcon2000RearBumper" />
	</GameData>
</TruckAddon>