<_templates Include="trucks" />
<TruckAddon>
	<Rotator
		EngineTorqueFactor="0"
		RotationAxis="(0; -1; 0)"
		Frame="BoneRotator1"
		RotationSpeed="3.7"
	/>
	<Rotator
		EngineTorqueFactor="0"
		RotationAxis="(0; 1; 0)"
		Frame="BoneRotator2" 
		RotationSpeed="4"
	/>
	<PhysicsModel Mesh="trucks/plad_450_tuning/plad_450_spot_light_1">
		<Body ImpactType="Truck" Mass="20" ModelFrame="BoneCabin_cdt">
			<Constraint Type="Rigid" />
		</Body>
	</PhysicsModel>
	<ModelAttachments>
		<HeadLight>
			<Model _template="HeadLightRay" Org="(2.767; 3.969; -0.367)" />
			<Model _template="HeadLightRay" Org="(2.767; 3.969; 0.367)" />
			<Flare _template="HeadLight" Color="g(255; 235; 205) x 0.45" DirAngle="135" Size=".4" Pos="(2.767; 3.969; -0.367)" />
			<Flare _template="HeadLight" Color="g(255; 235; 205) x 0.45" DirAngle="135" Size=".4" Pos="(2.767; 3.969; 0)" />
			<Flare _template="HeadLight" Color="g(245; 235; 215) x 0.5" DirAngle="100" Size="0.25" Pos="(2.767; 3.969; 0.367)" />
		</HeadLight>
		<Ignition>
			<Flare _template="IgnitionSignalWhite" ColorMultAtDay=".03" DirAngle="90" Color="g(253; 220; 186) x 0.35" Size="0.4" Pos="(2.767; 3.969; -0.367)" />
			<Flare _template="IgnitionSignalWhite" ColorMultAtDay=".03" DirAngle="90" Color="g(253; 220; 186) x 0.35" Size="0.4" Pos="(2.767; 3.969; 0)" />
			<Flare _template="IgnitionSignalWhite" ColorMultAtDay=".03" DirAngle="90" Color="g(253; 220; 186) x 0.35" Size="0.4" Pos="(2.767; 3.969; 0.367)" />
		</Ignition>
		<Ignition _template="Flasher">
			<Model Dir="(0.55; 0.071; 0.829)" Org="(2.718; 3.943; 0.799)" ParentFrame="BoneRotator1" />
			<Light Dir="(0.55; 0.071; 0.829)" Pos="(2.718; 3.943; 0.799)" ParentFrame="BoneRotator1" />
			<Flare Dir="(0.55; 0.071; 0.829)" Pos="(2.718; 3.943; 0.799)" ParentFrame="BoneRotator1" />
			<Flare Dir="(0.55; 0.071; 0.829)" Pos="(2.718; 3.943; 0.799)" ParentFrame="BoneRotator1" />
			<Flare Pos="(2.718; 3.943; 0.799)" />
		</Ignition>
		<Ignition _template="Flasher">
			<Model Dir="(0.55; 0.071; -0.829)" Org="(2.718; 3.943; -0.799)" ParentFrame="BoneRotator2" />
			<Light Dir="(0.55; 0.071; -0.829)" Pos="(2.718; 3.943; -0.799)" ParentFrame="BoneRotator2" />
			<Flare Dir="(0.55; 0.071; -0.829)" Pos="(2.718; 3.943; -0.799)" ParentFrame="BoneRotator2" />
			<Flare Dir="(0.55; 0.071; -0.829)" Pos="(2.718; 3.943; -0.799)" ParentFrame="BoneRotator2" />
			<Flare Pos="(2.718; 4.020; -0.742)" />
		</Ignition>
	</ModelAttachments>
	<MainHeadLight _template="Multiply1" />
	<GameData
		CameraPreset="roof"
		Category="top"
		IsCustomizable="true"
		Price="1100"
		UnlockByExploration="false"
		UnlockByRank="1"
	>
		<UiDesc
			UiDesc="UI_TUNING_ROOFBAR_BEACONS_FOGLIGHTS_DESC"
			UiIcon30x30=""
			UiIcon40x40=""
			UiName="UI_TUNING_ROOFBAR_BEACONS_FOGLIGHTS_NAME"
		/>
		<InstallSocket Type="Plad450Spotlight" />
	</GameData>
</TruckAddon>