<TruckAddon>
	<PhysicsModel Mesh="trucks/cargo/cargo_logs_trailer_log_short">
		<NetSync Legacy="false" />
		<Body
			CenterOfMassOffset="(0; -0.3; 0)"
			Friction="0.1"
			ImpactType="Foliage"
			Mass="2000"
			ModelFrame="BoneRoot_cdt"
		>
			<Constraint Type="Rigid" />
			<Body AngularDamping="3.0" Mass="50" ModelFrame="BoneShieldFront_cdt">
				<Constraint Type="Fixed" />
			</Body>
			<Body
				ImpactType="Truck" 
				Mass="2000"
				ModelFrame="BoneTop_cdt"
			>
				<Constraint
					LinearLimitsX="(-0.1; 0.1)"
					LinearLimitsY="(0; 0.5)"
					LinearLimitsZ="(-0.005; 0.005)"
					Type="Fixed"
				>
					<Motor Damping="4000" Spring="100" Type="Spring" />
				</Constraint>
			</Body>
		</Body>
	</PhysicsModel>
	<GameData>
		<Sounds
			InstallSound="cargo_manual/cargo_manual_logs_medium"
			TransportedSound=""
			ManualSound="cargo_manual/cargo_manual_logs_medium"
		/>
		<RequiredAddon Types="trailer_log_short" />
		<SpawnLoadOrigin Position="(-1; 1.6; 0)" />
		<InstallSlot
			CargoAddonSubtype="ScautTrailerLogShort"
			CargoLength="1"
			CargoType="CargoLogsShort"
			ManualLoads="3"
		/>
	</GameData>
</TruckAddon>
