<TruckAddon>
	<WheelRepairsHide>
		<Mesh Frame="wheel" HideThreshold="0.0" />
	</WheelRepairsHide>
	<TruckData WheelRepairsCapacity="1" >
		<Damage>
			<Multiplier Multiplier="0.8" Type="Engine" />
		</Damage>
	</TruckData>
	<PhysicsModel Mesh="trucks/neo_falcon_2000_tuning/neo_falcon_2000_bumper_rear_2">
		<Body ImpactType="Truck" Mass="20" ModelFrame="BoneCabin_cdt">
			<Constraint Type="Rigid" />
			<Body
				Collisions="None"
				Mass="20"
				ModelFrame="BoneWheel_cdt"
			>
				<Constraint
					AxisLocal="(-1; 0; 0)"
					Type="Hinge"
					MinLimit="-5"
					MaxLimit="5"
				/>
			</Body>
			<Body
				AngularDamping="6"
				Collisions="None"
				Mass="1"
				ModelFrame="BoneHook_cdt"
			>
				<Constraint
					AxisLocal="(0; 0; 1)"
					Type="Hinge"
					MinLimit="-8"
					MaxLimit="10"
				/>
			</Body>
		</Body>
	</PhysicsModel>
	<ModelAttachments>
		<Ignition>
			<Flare _template="IgnitionSignalWhite" Dir="(-1; 0; 0)" Color="g(240; 225; 215) x 0.2" Size="0.2" Pos="(-2.02; 0.669; 0.743)" ParentFrame="BoneCabin_cdt" />
			<Flare _template="IgnitionSignalWhite" Dir="(-1; 0; 0)" Color="g(240; 225; 215) x 0.2" Size="0.2" Pos="(-2.02; 0.669; -0.743)" ParentFrame="BoneCabin_cdt" />
		</Ignition>
	</ModelAttachments>
	<GameData
		CameraPreset="rear"
		Category="rear"
		Price="1900"
		UnlockByExploration="false"
		UnlockByRank="10"
	>
		<UiDesc
			UiDesc="UI_TUNING_HORNS_SINGLE_ONESIDE_DESC"
			UiIcon30x30=""
			UiIcon40x40=""
			UiName="UI_TUNING_REAR_BUMPER_SPAREWHEEL_NAME"
		/>
		<InstallSocket Type="NeoFalcon2000RearBumper2" />
	</GameData>
</TruckAddon>
