<_templates Include="trucks" />
<TruckAddon>
	<Snorkel Origin="(3.174; 2.709; 0)" />
	<PhysicsModel Mesh="trucks/kenworth_963_tuning/kenworth_963_snorkel_1">
		<Body ImpactType="Truck" Mass="40">
			<Constraint Type="Rigid" />
		</Body>
	</PhysicsModel>
	<GameData
		CameraPreset="snorkels"
		Category="snorkel"
		Price="1900"
		UnlockByExploration="false"
		UnlockByRank="1"
	>
		<UiDesc
			UiDesc="UI_TUNING_SNORKEL_EXT_AIRFILTER_DESC"
			UiIcon30x30=""
			UiIcon40x40=""
			UiName="UI_TUNING_SNORKEL_EXT_AIRFILTER_NAME"
		/>
		<InstallSocket Type="Kenworth963Snorkel" />
	</GameData>
</TruckAddon>
