<_templates Include="trucks"/>
<TruckAddon>
	<TruckData>
		<Damage>
			<Multiplier Multiplier="0.9" Type="Suspension" />
		</Damage>
	</TruckData>
	<PhysicsModel Mesh="trucks/burlak_6x6_tuning/burlak_6x6_wings_1">
		<Body ImpactType="Truck" Mass="50" ModelFrame="BoneWings_cdt">
			<Constraint Type="Rigid" />
		</Body>
	</PhysicsModel>
	<GameData
		CameraPreset="default"
		Category="fenders"
		Price="1200"
		UnlockByExploration="false"
		UnlockByRank="8"
	>
		<UiDesc
			UiDesc=""
			UiIcon30x30=""
			UiIcon40x40=""
			UiName="UI_TUNING_FENDER_SET_NAME"
		/>
		<InstallSocket Type="BurlakWings" />
	</GameData>
</TruckAddon>
