<_templates Include="trucks" />
<TruckAddon>
	<TruckData>
		<Damage>
			<Multiplier Multiplier="0.7" Type="Engine" />
		</Damage>
	</TruckData>
	<PhysicsModel Mesh="trucks/burlak_6x6_tuning/burlak_6x6_bumper_1">
		<Body ImpactType="Truck" Mass="50" ModelFrame="BoneBumper1_cdt">
			<Constraint Type="Rigid" />
			<Body Mass="1" ModelFrame="BoneHook_cdt" Collisions="None">
				<Constraint
					AxisLocal="(0; 0; 1)"
					Type="Hinge"
					MinLimit="-80"
					MaxLimit="35"
				>
					<Motor Damping="0.001" Spring="0.05" Type="Spring" />
				</Constraint>
			</Body>
		</Body>
	</PhysicsModel>
	<ModelAttachments>
		<Ignition>
			<!-- <Flare _template="IgnitionSignalWhite" Size="0.3" Pos="(5.138; 0.796; -1.037)" />
			<Flare _template="IgnitionSignalWhite" Size="0.3" Pos="(5.138; 0.796; 1.037)" /> -->
			<!-- <Flare _template="IgnitionSignalOrange" AspectRatio="6" Color="g(255; 140; 0) x 0.4" Dir="(0; 0; 1)" Pos="(4.854; 1.134; 0.928)" ParentFrame="BoneCabin_cdt"/>
			<Flare _template="IgnitionSignalOrange" AspectRatio="6" Color="g(255; 140; 0) x 0.4" Dir="(0; 0; 1)" Pos="(4.854; 1.134; -0.928)" ParentFrame="BoneCabin_cdt"/> -->
		</Ignition>
		<HeadLight>		
			<!-- up row -->
			<Flare _template="HeadLight" Color="g(215; 215; 215) x 0.5" Size="0.05" Pos="(3.490; 1.78; 0.193)" ParentFrame="BoneChassis_cdt" />
			<Flare _template="HeadLight" Color="g(215; 215; 215) x 0.5" Size="0.05" Pos="(3.490; 1.78; 0.219)" ParentFrame="BoneChassis_cdt" />
			<Flare _template="HeadLight" Color="g(215; 215; 215) x 0.5" Size="0.05" Pos="(3.490; 1.78; 0.245)" ParentFrame="BoneChassis_cdt" />
			<Flare _template="HeadLight" Color="g(215; 215; 215) x 0.5" Size="0.05" Pos="(3.490; 1.78; 0.271)" ParentFrame="BoneChassis_cdt" />
			<Flare _template="HeadLight" Color="g(215; 215; 215) x 0.5" Size="0.05" Pos="(3.490; 1.78; 0.295)" ParentFrame="BoneChassis_cdt" />
			<Flare _template="HeadLight" Color="g(215; 215; 215) x 0.5" Size="0.05" Pos="(3.490; 1.78; 0.321)" ParentFrame="BoneChassis_cdt" />
			<Flare _template="HeadLight" Color="g(215; 215; 215) x 0.5" Size="0.05" Pos="(3.490; 1.78; 0.347)" ParentFrame="BoneChassis_cdt" />
			<Flare _template="HeadLight" Color="g(215; 215; 215) x 0.5" Size="0.05" Pos="(3.490; 1.78; 0.372)" ParentFrame="BoneChassis_cdt" />
			<Flare _template="HeadLight" Color="g(215; 215; 215) x 0.5" Size="0.05" Pos="(3.490; 1.78; -0.193)" ParentFrame="BoneChassis_cdt" />
			<Flare _template="HeadLight" Color="g(215; 215; 215) x 0.5" Size="0.05" Pos="(3.490; 1.78; -0.219)" ParentFrame="BoneChassis_cdt" />
			<Flare _template="HeadLight" Color="g(215; 215; 215) x 0.5" Size="0.05" Pos="(3.490; 1.78; -0.245)" ParentFrame="BoneChassis_cdt" />
			<Flare _template="HeadLight" Color="g(215; 215; 215) x 0.5" Size="0.05" Pos="(3.490; 1.78; -0.271)" ParentFrame="BoneChassis_cdt" />
			<Flare _template="HeadLight" Color="g(215; 215; 215) x 0.5" Size="0.05" Pos="(3.490; 1.78; -0.295)" ParentFrame="BoneChassis_cdt" />
			<Flare _template="HeadLight" Color="g(215; 215; 215) x 0.5" Size="0.05" Pos="(3.490; 1.78; -0.321)" ParentFrame="BoneChassis_cdt" />
			<Flare _template="HeadLight" Color="g(215; 215; 215) x 0.5" Size="0.05" Pos="(3.490; 1.78; -0.347)" ParentFrame="BoneChassis_cdt" />
			<Flare _template="HeadLight" Color="g(215; 215; 215) x 0.5" Size="0.05" Pos="(3.490; 1.78; -0.372)" ParentFrame="BoneChassis_cdt" />
		</HeadLight>		
	</ModelAttachments>
	<MainHeadLight _template="Multiply1"/>
	<GameData
		CameraPreset="default"
		Category="bumper"
		Price="1400"
		UnlockByExploration="false"
		UnlockByRank="8"
	>
		<UiDesc
			UiDesc="UI_TUNING_BUMPER_REBAR_DESC"
			UiIcon30x30=""
			UiIcon40x40=""
			UiName="UI_TUNING_BUMPER_REBAR_NAME"
		/>
		<InstallSocket Type="BurlakBumper" />
	</GameData>
</TruckAddon>
