<TruckAddon>
	<PhysicsModel Mesh="trucks/ankatra_1160_tuning/ankatra_1160_farkop_trailer">
		<Body Collisions="None" Mass="10" ModelFrame="BoneFarkopTrailer_cdt">
			<Constraint Type="Rigid" />
		</Body>
	</PhysicsModel>
	<GameData
		CameraPreset="farkop"
		Category="frame_addons"
		Price="1900"
		UnlockByExploration="false"
		UnlockByRank="1"
	>
		<WinchSocket Pos="(-2.120; 1.090; 0)" FixedToTruck="true" />
		<CraneSocket Pos="(-2.120; 1.090; 0)" FixedToTruck="true" />
		<UiDesc
			UiDesc="UI_TUNING_FARKOP_TRAILER_DESC"
			UiIcon30x30=""
			UiIcon40x40=""
			UiName="UI_TUNING_FARKOP_TRAILER_NAME"
		/>
		<InstallSocket Type="Ankatra1160Farkop" />
	</GameData>
</TruckAddon>