<_templates Include="trucks" />
<TruckAddon>
	<PhysicsModel Mesh="trucks/tuz_16_actaeon_tuning/tuz_16_actaeon_horn_1">
		<Body
			Collisions="None"
			ImpactType="Truck"
			Mass="10"
			ModelFrame="BoneCabin_cdt"
		>
			<Constraint Type="Rigid" />
			<Body Collisions="None" Mass="5" ModelFrame="BoneChassis_cdt">
				<Constraint ExplicitParentFrame="0" Type="Fixed" />
			</Body>
		</Body>
	</PhysicsModel>
	<GameData
		CameraPreset="roof"
		Category="miscellenious"
		Price="300"
		UnlockByExploration="false"
		UnlockByRank="1"
	>
		<UiDesc
			UiDesc="UI_TUNING_HORNS_SINGLE_TWOSIDE_DESC"
			UiIcon30x30=""
			UiIcon40x40=""
			UiName="UI_TUNING_HORNS_SINGLE_TWOSIDE_NAME"
		/>
		<InstallSocket Type="tuz_16_actaeonHorn" />
	</GameData>
</TruckAddon>
