<TruckAddon>
	<WheelRepairsHide>
		<Mesh Frame="wheel" HideThreshold="0.0" />
	</WheelRepairsHide>
	<TruckData WheelRepairsCapacity="1" />
	<PhysicsModel Mesh="trucks/gmc_8000_tuning/gmc_8000_spare_wheel">
		<Body
			Collisions="None"
			ImpactType="Truck"
			Mass="100"
			ModelFrame="BoneChassis_cdt"
		>
			<Constraint Type="Rigid" />			
			<Body Collisions="None" Mass="20" ModelFrame="BoneCabin_cdt">
				<Constraint ExplicitParentFrame="0" Type="Fixed" />				
			</Body>
		</Body>
	</PhysicsModel>
	<GameData
		CameraPreset="addon_2"
		Category="wheel_addon"
		Price="2500"
		UnlockByExploration="false"
		UnlockByRank="13"
	>
		<UiDesc
			UiDesc="UI_TUNING_SPARE_WHEEL_DESC"
			UiIcon30x30=""
			UiIcon40x40=""
			UiName="UI_TUNING_SPARE_WHEEL_NAME"
		/>
		<InstallSocket Type="Gmc8000SpareWheel" />
	</GameData>
</TruckAddon>
