<_templates Include="trucks" />
<SuspensionSetVariants>
	<SuspensionSet
		_template="Normal"
		BrokenWheelDamageMultiplier="3"
		CriticalDamageThreshold="0.7"
		DamageCapacity="160"
		Name="gmc8000_suspension_default"
	>
		<Suspension Damping="0.3" Height="0.12" Strength="0.05" WheelType="front" SuspensionMin="-0.3" SuspensionMax="0.2" />
		<Suspension Damping="0.3" Height="0.1" Strength="0.05" WheelType="rear" SuspensionMin="-0.3" SuspensionMax="0.2" />
		<GameData
			Price="4900"
			UnlockByExploration="false"
			UnlockByRank="1"
		>
			<UiDesc
				UiDesc="UI_SUSPENSION_DEFAULT_DESC"
				UiIcon30x30=""
				UiIcon40x40=""
				UiName="UI_SUSPENSION_DEFAULT_NAME"
			/>
		</GameData>
	</SuspensionSet>
	<SuspensionSet
		_template="High"
		BrokenWheelDamageMultiplier="3"
		CriticalDamageThreshold="0.7"
		DamageCapacity="210"
		Name="gmc8000_suspension_high"
	>
		<Suspension Damping="0.4" Height="0.22" Strength="0.05" WheelType="front" SuspensionMin="-0.3" SuspensionMax="0.1" />
		<Suspension Damping="0.4" Height="0.2" Strength="0.05" WheelType="rear" SuspensionMin="-0.3" SuspensionMax="0.1" />
		<GameData
			Price="7200"
			UnlockByExploration="false"
			UnlockByRank="12"
		>
			<UiDesc
				UiDesc="UI_SUSPENSION_HIGH_DESC"
				UiIcon30x30=""
				UiIcon40x40=""
				UiName="UI_SUSPENSION_HIGH_NAME"
			/>
		</GameData>
	</SuspensionSet>
	<SuspensionSet
		_template="Ultimate"
		BrokenWheelDamageMultiplier="3"
		CriticalDamageThreshold="0.7"
		DamageCapacity="230"
		Name="gmc8000_suspension_ultimate"
	>
		<Suspension Damping="0.4" Height="0.27" Strength="0.05" WheelType="front" SuspensionMin="-0.4" SuspensionMax="0.15" />
		<Suspension Damping="0.4" Height="0.25" Strength="0.05" WheelType="rear" SuspensionMin="-0.3" SuspensionMax="0.15" />
		<GameData
			Price="9800"
			UnlockByExploration="false"
			UnlockByRank="16"
		>
			<UiDesc
				UiDesc="UI_SUSPENSION_ULTIMATE_DESC"
				UiIcon30x30=""
				UiIcon40x40=""
				UiName="UI_SUSPENSION_ULTIMATE_NAME"
			/>
		</GameData>
	</SuspensionSet>
</SuspensionSetVariants>
