<_templates Include="trucks" />
<SuspensionSetVariants>
	<SuspensionSet
		_template="Normal"
		BrokenWheelDamageMultiplier="1.5"
		CriticalDamageThreshold="0.7"
		DamageCapacity="210"
		Name="earthroamer_sx_suspension_default"
	>
		<Suspension Damping="0.5" Height="0.25" Strength="0.08" WheelType="front" SuspensionMin="-0.3" SuspensionMax="0.1" />
		<Suspension Damping="0.5" Height="0.18" Strength="0.07" WheelType="rear" SuspensionMin="-0.3" SuspensionMax="0.1" />
		<GameData
			Price="7200"
			UnlockByExploration="false"
			UnlockByRank="1"
		>
			<UiDesc
				UiDesc="UI_SUSPENSION_DEFAULT_DESC"
				UiIcon30x30=""
				UiIcon40x40=""
				UiName="UI_SUSPENSION_DEFAULT_NAME"
			/>
		</GameData>
	</SuspensionSet>
	<SuspensionSet
		_template="High"
		BrokenWheelDamageMultiplier="1.8"
		CriticalDamageThreshold="0.68"
		DamageCapacity="230"
		Name="earthroamer_sx_suspension_high"
	>
		<Suspension Damping="0.58" Height="0.30" Strength="0.09" WheelType="front" SuspensionMin="-0.4" SuspensionMax="0.15" />
		<Suspension Damping="0.58" Height="0.23" Strength="0.08" WheelType="rear" SuspensionMin="-0.3" SuspensionMax="0.15" />
		<GameData
			Price="9800"
			UnlockByExploration="true"
			UnlockByRank="1"
		>
			<UiDesc
				UiDesc="UI_SUSPENSION_HIGH_DESC"
				UiIcon30x30=""
				UiIcon40x40=""
				UiName="UI_SUSPENSION_HIGH_NAME"
			/>
		</GameData>
	</SuspensionSet>
</SuspensionSetVariants>