<_templates Include="trucks">
	<Body>
		<Hitch AngularDamping="3.0" Collisions="None" Mass="1">
			<Constraint
				AxisLocal="(0; 0; 1)"
				Type="Hinge"
				MinLimit="-30"
				MaxLimit="50"
			/>
		</Hitch>
	</Body>
</_templates>
<TruckAddon>
	<TruckData>
		<Damage>
			<Multiplier Multiplier="0.7" Type="Engine" />
		</Damage>
	</TruckData>
	<PhysicsModel Mesh="trucks/rezvani_tank_tuning/rezvani_tank_bumper_2">
		<Body ImpactType="Truck" Mass="30" ModelFrame="BoneChassis_cdt">
			<Constraint Type="Rigid" />
			<Body
				AngularDamping="6"
				Collisions="None"
				Mass="1"
				ModelFrame="BoneHook_cdt"
			>
				<Constraint
					AxisLocal="(0; 0; 1)"
					Type="Hinge"
					MinLimit="-10"
					MaxLimit="8.5"
				/>
			</Body>
			<Body _template="Hitch" ModelFrame="BoneHitch_cdt" />
		</Body>
	</PhysicsModel>
	<GameData
		CameraPreset="default"
		Category="bumper"
		Price="1500"
		UnlockByExploration="false"
		UnlockByRank="1"
	>
		<UiDesc
			UiDesc="UUI_TUNING_BUMPER_AXLEPROT_DESC"
			UiIcon30x30=""
			UiIcon40x40=""
			UiName="UI_TUNING_BUMPER_AXLEPROT_NAME"
		/>
		<InstallSocket Type="RezvaniTankBumper" />
	</GameData>
</TruckAddon>
