<_templates Include="trucks" />
<TruckAddon>
	<TruckData>
		<Damage>
			<Multiplier Multiplier="0.8" Type="Engine" />
		</Damage>
	</TruckData>
	<PhysicsModel Mesh="trucks/azov_670963n_tuning/azov_670963n_protection_1">
		<Body ImpactType="Truck" Mass="30" ModelFrame="BoneCabin_cdt">
			<Constraint Type="Rigid" />
		</Body>
	</PhysicsModel>
	<ModelAttachments>
		<HeadLight>
			<Flare _template="HeadLight" DirAngle="90" Size="0.1" Pos="(5.808; 2.259; -0.174)" />
			<Flare _template="HeadLight" DirAngle="90" Size="0.1" Pos="(5.808; 2.259; -0.116)" />
			<Flare _template="HeadLight" DirAngle="90" Size="0.1" Pos="(5.808; 2.259; -0.058)" />
			<Flare _template="HeadLight" DirAngle="90" Size="0.1" Pos="(5.808; 2.259; 0)" />
			<Flare _template="HeadLight" DirAngle="90" Size="0.1" Pos="(5.808; 2.259; 0.174)" />
			<Flare _template="HeadLight" DirAngle="90" Size="0.1" Pos="(5.808; 2.259; 0.116)" />
			<Flare _template="HeadLight" DirAngle="90" Size="0.1" Pos="(5.808; 2.259; 0.058)" />
		</HeadLight>
	</ModelAttachments>
	<GameData
		CameraPreset="default"
		Category="top"
		IsCustomizable="true"
		Price="2100"
		UnlockByExploration="false"
		UnlockByRank="1"
	>
		<UiDesc
			UiDesc="UI_TUNING_BUMPER_SAVIOR_DESC"
			UiIcon30x30=""
			UiIcon40x40=""
			UiName="UI_TUNING_BUMPER_SAVIOR_NAME"
		/>
		<InstallSocket Type="Azov670963nProtection" />
		<RequiredAddon Types="azov_670963n_snorkel_1" />
	</GameData>
</TruckAddon>
