<_templates Include="trucks" />
<TruckAddon>
	<TruckData>
		<Damage>
			<Multiplier Multiplier="0.85" Type="Engine" />
		</Damage>
	</TruckData>
	<PhysicsModel Mesh="trucks/burlak_6x6_tuning/burlak_6x6_bumper_2">
		<Body ImpactType="Truck" Mass="50" ModelFrame="BoneBumper2_cdt">
			<Constraint Type="Rigid" />
			<Body Mass="1" ModelFrame="BoneHook_cdt" Collisions="None">
				<Constraint
					AxisLocal="(0; 0; 1)"
					Type="Hinge"
					MinLimit="-80"
					MaxLimit="35"
				>
					<Motor Damping="0.001" Spring="0.05" Type="Spring" />
				</Constraint>
			</Body>
		</Body>
	</PhysicsModel>
	<ModelAttachments>
	<!-- <Ignition>
	<Flare _template="IgnitionSignalWhite" Color="g(255; 235; 215) x 0.3" Size="0.2" Pos="(5.255; 0.899; 1.024)" ParentFrame="BoneCabin_cdt" />
	<Flare _template="IgnitionSignalWhite" Color="g(255; 235; 215) x 0.3" Size="0.2" Pos="(5.255; 0.899; -1.024)" ParentFrame="BoneCabin_cdt" />
	<Flare _template="IgnitionSignalWhite" Color="g(255; 235; 215) x 0.3" Size="0.2" Pos="(5.205; 0.897; 1.088)" ParentFrame="BoneCabin_cdt" />
	<Flare _template="IgnitionSignalWhite" Color="g(255; 235; 215) x 0.3" Size="0.2" Pos="(5.205; 0.897; -1.088)" ParentFrame="BoneCabin_cdt" />
	</Ignition> -->
		<!-- <HeadLight>
			<Model _template="HeadLightRay" Org="(5.249 0.886; -1.069)" ParentFrame="BoneCabin_cdt" />
			<Model _template="HeadLightRay" Org="(5.249 0.886; 1.069)" ParentFrame="BoneCabin_cdt" />
		</HeadLight> -->
		<HeadLight>		
			<!-- up row -->
			<Flare _template="HeadLight" Color="g(215; 215; 215) x 0.5" Size="0.05" Pos="(3.581; 1.572; 0.75)" ParentFrame="BoneChassis_cdt" />
			<Flare _template="HeadLight" Color="g(215; 215; 215) x 0.5" Size="0.05" Pos="(3.570; 1.572; 0.776)" ParentFrame="BoneChassis_cdt" />
			<Flare _template="HeadLight" Color="g(215; 215; 215) x 0.5" Size="0.05" Pos="(3.560; 1.572; 0.803)" ParentFrame="BoneChassis_cdt" />
			<Flare _template="HeadLight" Color="g(215; 215; 215) x 0.5" Size="0.05" Pos="(3.550; 1.572; 0.828)" ParentFrame="BoneChassis_cdt" />
			<Flare _template="HeadLight" Color="g(215; 215; 215) x 0.5" Size="0.05" Pos="(3.538; 1.572; 0.854)" ParentFrame="BoneChassis_cdt" />
			<Flare _template="HeadLight" Color="g(215; 215; 215) x 0.5" Size="0.05" Pos="(3.528; 1.572; 0.879)" ParentFrame="BoneChassis_cdt" />
			<Flare _template="HeadLight" Color="g(215; 215; 215) x 0.5" Size="0.05" Pos="(3.519; 1.572; 0.906)" ParentFrame="BoneChassis_cdt" />
			<Flare _template="HeadLight" Color="g(215; 215; 215) x 0.5" Size="0.05" Pos="(3.509; 1.572; 0.932)" ParentFrame="BoneChassis_cdt" />
			<Flare _template="HeadLight" Color="g(215; 215; 215) x 0.5" Size="0.05" Pos="(3.581; 1.542; 0.75)" ParentFrame="BoneChassis_cdt" />
			<Flare _template="HeadLight" Color="g(215; 215; 215) x 0.5" Size="0.05" Pos="(3.570; 1.542; 0.776)" ParentFrame="BoneChassis_cdt" />
			<Flare _template="HeadLight" Color="g(215; 215; 215) x 0.5" Size="0.05" Pos="(3.560; 1.542; 0.803)" ParentFrame="BoneChassis_cdt" />
			<Flare _template="HeadLight" Color="g(215; 215; 215) x 0.5" Size="0.05" Pos="(3.550; 1.542; 0.828)" ParentFrame="BoneChassis_cdt" />
			<Flare _template="HeadLight" Color="g(215; 215; 215) x 0.5" Size="0.05" Pos="(3.538; 1.542; 0.854)" ParentFrame="BoneChassis_cdt" />
			<Flare _template="HeadLight" Color="g(215; 215; 215) x 0.5" Size="0.05" Pos="(3.528; 1.542; 0.879)" ParentFrame="BoneChassis_cdt" />
			<Flare _template="HeadLight" Color="g(215; 215; 215) x 0.5" Size="0.05" Pos="(3.519; 1.542; 0.906)" ParentFrame="BoneChassis_cdt" />
			<Flare _template="HeadLight" Color="g(215; 215; 215) x 0.5" Size="0.05" Pos="(3.509; 1.542; 0.932)" ParentFrame="BoneChassis_cdt" />
			<Flare _template="HeadLight" Color="g(215; 215; 215) x 0.5" Size="0.05" Pos="(3.581; 1.572; -0.75)" ParentFrame="BoneChassis_cdt" />
			<Flare _template="HeadLight" Color="g(215; 215; 215) x 0.5" Size="0.05" Pos="(3.570; 1.572; -0.776)" ParentFrame="BoneChassis_cdt" />
			<Flare _template="HeadLight" Color="g(215; 215; 215) x 0.5" Size="0.05" Pos="(3.560; 1.572; -0.803)" ParentFrame="BoneChassis_cdt" />
			<Flare _template="HeadLight" Color="g(215; 215; 215) x 0.5" Size="0.05" Pos="(3.550; 1.572; -0.828)" ParentFrame="BoneChassis_cdt" />
			<Flare _template="HeadLight" Color="g(215; 215; 215) x 0.5" Size="0.05" Pos="(3.538; 1.572; -0.854)" ParentFrame="BoneChassis_cdt" />
			<Flare _template="HeadLight" Color="g(215; 215; 215) x 0.5" Size="0.05" Pos="(3.528; 1.572; -0.879)" ParentFrame="BoneChassis_cdt" />
			<Flare _template="HeadLight" Color="g(215; 215; 215) x 0.5" Size="0.05" Pos="(3.519; 1.572; -0.906)" ParentFrame="BoneChassis_cdt" />
			<Flare _template="HeadLight" Color="g(215; 215; 215) x 0.5" Size="0.05" Pos="(3.509; 1.572; -0.932)" ParentFrame="BoneChassis_cdt" />
			<Flare _template="HeadLight" Color="g(215; 215; 215) x 0.5" Size="0.05" Pos="(3.581; 1.542; -0.75)" ParentFrame="BoneChassis_cdt" />
			<Flare _template="HeadLight" Color="g(215; 215; 215) x 0.5" Size="0.05" Pos="(3.570; 1.542; -0.776)" ParentFrame="BoneChassis_cdt" />
			<Flare _template="HeadLight" Color="g(215; 215; 215) x 0.5" Size="0.05" Pos="(3.560; 1.542; -0.803)" ParentFrame="BoneChassis_cdt" />
			<Flare _template="HeadLight" Color="g(215; 215; 215) x 0.5" Size="0.05" Pos="(3.550; 1.542; -0.828)" ParentFrame="BoneChassis_cdt" />
			<Flare _template="HeadLight" Color="g(215; 215; 215) x 0.5" Size="0.05" Pos="(3.538; 1.542; -0.854)" ParentFrame="BoneChassis_cdt" />
			<Flare _template="HeadLight" Color="g(215; 215; 215) x 0.5" Size="0.05" Pos="(3.528; 1.542; -0.879)" ParentFrame="BoneChassis_cdt" />
			<Flare _template="HeadLight" Color="g(215; 215; 215) x 0.5" Size="0.05" Pos="(3.519; 1.542; -0.906)" ParentFrame="BoneChassis_cdt" />
			<Flare _template="HeadLight" Color="g(215; 215; 215) x 0.5" Size="0.05" Pos="(3.509; 1.542; -0.932)" ParentFrame="BoneChassis_cdt" />
			
		</HeadLight>		
	</ModelAttachments>
	<MainHeadLight _template="Multiply2" />
	<GameData
		CameraPreset="default"
		Category="bumper"
		Price="1800"
		UnlockByExploration="false"
		UnlockByRank="10"
	>
		<UiDesc
			UiDesc="UI_TUNING_BUMPER_HEAVYDUTY_PIPE_DESC"
			UiIcon30x30=""
			UiIcon40x40=""
			UiName="UI_TUNING_BUMPER_HEAVYDUTY_PIPE_NAME"
		/>
		<InstallSocket Type="BurlakBumper" />
	</GameData>
</TruckAddon>
