<_templates Include="trucks" />
<TruckAddon>
	<PhysicsModel Mesh="trucks/kenworth_w990_tuning/kenworth_w990_gabarite_default" />
	<ModelAttachments>
		<Ignition>
			<Flare _template="MarkerBeacon" Color="g(255; 140; 0) x 0.3" Size="0.3" Pos="(2.545; 3.007; -0.820)" ParentFrame="BoneCabin_cdt" />
			<Flare _template="MarkerBeacon" Color="g(255; 140; 0) x 0.3" Size="0.3" Pos="(2.545; 3.025; -0.255)" ParentFrame="BoneCabin_cdt" />
			<Flare _template="MarkerBeacon" Color="g(255; 140; 0) x 0.3" Size="0.3" Pos="(2.545; 3.025; 0)" ParentFrame="BoneCabin_cdt" />
			<Flare _template="MarkerBeacon" Color="g(255; 140; 0) x 0.3" Size="0.3" Pos="(2.545; 3.007; 0.820)" ParentFrame="BoneCabin_cdt" />
			<Flare _template="MarkerBeacon" Color="g(255; 140; 0) x 0.3" Size="0.3" Pos="(2.545; 3.025; 0.255)" ParentFrame="BoneCabin_cdt" />
		</Ignition>
	</ModelAttachments>
	<GameData
		CameraPreset="roof"
		Category="top"
		Price="700"
		UnlockByExploration="false"
		UnlockByRank="1"
	>
		<UiDesc
			UiDesc="UI_TUNING_PARKLIGHTS_FACTORY_DESC"
			UiIcon30x30=""
			UiIcon40x40=""
			UiName="UI_TUNING_PARKLIGHTS_FACTORY_NAME"
		/>
		<InstallSocket Type="KenworthW990Gabarite" />
	</GameData>
</TruckAddon>
