<_templates Include="trucks" />
<TruckAddon>
	<PhysicsModel Mesh="trucks/ford_f750_tuning/ford_f750_spot_light_1" />
	<ModelAttachments>
		<MainHeadLight>
			<Model _template="HeadLightRay" Org="(1.944; 2.398; -0.549)" />
			<Model _template="HeadLightRay" Org="(1.944; 2.398; 0.549)" />
			<Flare _template="HeadLight" Color="g(255; 235; 205) x 0.45" Size="0.30" Pos="(1.944; 2.398; -0.549)" />
			<Flare _template="HeadLight" Color="g(255; 235; 205) x 0.55" Size="0.45" Pos="(1.966; 2.43; -0.288)" />
			<Flare _template="HeadLight" Color="g(255; 235; 205) x 0.55" Size="0.45" Pos="(1.966; 2.43; 0)" />
			<Flare _template="HeadLight" Color="g(255; 235; 205) x 0.55" Size="0.45" Pos="(1.966; 2.43; 0.288)" />
			<Flare _template="HeadLight" Color="g(255; 235; 205) x 0.45" Size="0.30" Pos="(1.944; 2.398; 0.549)" />
		</MainHeadLight>
	</ModelAttachments>
	<MainHeadLight _template="Multiply2" />
	<GameData
		CameraPreset="roof"
		Category="top"
		Price="800"
		UnlockByExploration="false"
		UnlockByRank="1"
	>
		<UiDesc
			UiDesc="UI_TUNING_ROOFBAR_FOGLIGHTS_DESC"
			UiIcon30x30=""
			UiIcon40x40=""
			UiName="UI_TUNING_ROOFBAR_FOGLIGHTS_NAME"
		/>
		<InstallSocket Type="FordF750Spotlight" />
	</GameData>
</TruckAddon>
