<_templates Include="trucks"/>
<TruckAddon>
	<TruckData>
		<Damage>
			<Multiplier Multiplier="0.85" Type="FuelTank" />
		</Damage>
	</TruckData>
	<PhysicsModel Mesh="trucks/rezvani_tank_tuning/rezvani_tank_cabin_protector_1">
		<Body ImpactType="Truck" Mass="40">
			<Constraint Type="Rigid" />
		</Body>
	</PhysicsModel>
	<GameData
		CameraPreset="default"
		Category="frame_addons"
		Price="2100"
		UnlockByExploration="false"
		UnlockByRank="1"
	>
		<UiDesc
			UiDesc="UI_TUNING_SAFETY_CAGE_DESC"
			UiIcon30x30=""
			UiIcon40x40=""
			UiName="UI_TUNING_SAFETY_CAGE_NAME"
		/>
		<InstallSocket Type="RezvaniTankProtector" />
	</GameData>
</TruckAddon>
