<GearboxVariants>
	<Gearbox
		AWDConsumptionModifier="1"
		CriticalDamageThreshold="0.5"
		DamageCapacity="200"
		DamagedConsumptionModifier="1.4"
		FuelConsumption="2.2"
		IdleFuelModifier="0.3"
		Name="g_scout_burlak_default"
		MinBreakFreq="0.0"
		MaxBreakFreq="15.0"
	>
		<ReverseGear AngVel="0.5" FuelModifier="0.9" />
		<HighGear AngVel="5.2" FuelModifier="1.2" />
		<Gear AngVel="0.9" FuelModifier="1.6" />
		<Gear AngVel="1.7" FuelModifier="1.4" />
		<Gear AngVel="2.5" FuelModifier="1.22" />
		<Gear AngVel="3.0" FuelModifier="1.15" />
		<Gear AngVel="3.5" FuelModifier="1.1" />
		<GameData
			Price="1500"
			UnlockByExploration="false"
			UnlockByRank="1"
		>
			<GearboxParams 
				IsHighGearExists="true" 
				IsLowerGearExists="true" 
				IsLowerPlusGearExists="true" 
				IsLowerMinusGearExists="true"
			/>
			<UiDesc
				UiDesc="UI_GEARBOX_SCOUT_DEFAULT_DESC"
				UiIcon30x30=""
				UiIcon40x40=""
				UiName="UI_GEARBOX_SCOUT_DEFAULT_NAME"
			/>
		</GameData>
	</Gearbox>
	<Gearbox
		AWDConsumptionModifier="1.2"
		CriticalDamageThreshold="0.7"
		DamageCapacity="180"
		DamagedConsumptionModifier="1.9"
		FuelConsumption="2.6"
		IdleFuelModifier="0.3"
		Name="g_scout_burlak_highrange"
		MinBreakFreq="0.0"
		MaxBreakFreq="25.0"
	>
		<ReverseGear AngVel="0.7" FuelModifier="0.9" />
		<HighGear AngVel="5.0" FuelModifier="1.6" />
		<Gear AngVel="0.9" FuelModifier="1.7" />
		<Gear AngVel="1.4" FuelModifier="1.5" />
		<Gear AngVel="2.6" FuelModifier="1.3" />
		<Gear AngVel="4.2" FuelModifier="1.2" />
		<Gear AngVel="5.6" FuelModifier="1.1" />
		<Gear AngVel="6.5" FuelModifier="1.0" />
		<GameData
			Price="3500"
			UnlockByExploration="true"
			UnlockByRank="1"
		>
			<GearboxParams 
				IsHighGearExists="true" 
				IsLowerGearExists="true" 
				IsLowerPlusGearExists="false" 
				IsLowerMinusGearExists="false" 
			/>
			<UiDesc
				UiDesc="UI_GEARBOX_HIGHRANGE_DESC"
				UiIcon30x30=""
				UiIcon40x40=""
				UiName="UI_GEARBOX_HIGHRANGE_NAME"
			/>
		</GameData>
	</Gearbox>
</GearboxVariants>
