<_templates Include="trucks" />
<SuspensionSetVariants>
	<SuspensionSet
		_template="Normal"
		CriticalDamageThreshold="0.7"
		DamageCapacity="80"
		Name="mtb_8106_suspension_default"
	>
		<Suspension Damping="0.55" Height="0.23" Strength="0.035" WheelType="front" BrokenSuspensionMax="0.15" SuspensionMin="-0.2" />
		<Suspension Damping="0.55" Height="0.24" Strength="0.043" WheelType="rear" BrokenSuspensionMax="0.15" SuspensionMin="-0.23" />
		<GameData
			Price="3800"
			UnlockByExploration="false"
			UnlockByRank="1"
		>
			<UiDesc
				UiDesc="UI_SUSPENSION_DEFAULT_DESC"
				UiIcon30x30=""
				UiIcon40x40=""
				UiName="UI_SUSPENSION_DEFAULT_NAME"
			/>
		</GameData>
	</SuspensionSet>

	<SuspensionSet
		_template="High"
		CriticalDamageThreshold="0.7"
		DamageCapacity="100"
		Name="mtb_8106_suspension_high"
	>
		<Suspension Damping="0.55" Height="0.33" Strength="0.03" WheelType="front" BrokenSuspensionMax="0.15" SuspensionMin="-0.27" />
		<Suspension Damping="0.55" Height="0.34" Strength="0.035" WheelType="rear" BrokenSuspensionMax="0.15" SuspensionMin="-0.29" />
		<GameData
			Price="5200"
			UnlockByExploration="true"
			UnlockByRank="1"
		>
			<UiDesc
				UiDesc="UI_SUSPENSION_HIGH_DESC"
				UiIcon30x30=""
				UiIcon40x40=""
				UiName="UI_SUSPENSION_HIGH_NAME"
			/>
		</GameData>
	</SuspensionSet>

	<SuspensionSet
		_template="Ultimate"
		CriticalDamageThreshold="0.7"
		DamageCapacity="80"
		Name="mtb_8106_suspension_crawler"
	>
		<Suspension Damping="0.55" Height="0.43" Strength="0.02" WheelType="front" BrokenSuspensionMax="0.15" SuspensionMin="-0.35" />
		<Suspension Damping="0.55" Height="0.44" Strength="0.021" WheelType="rear" BrokenSuspensionMax="0.15" SuspensionMin="-0.4" />
		<GameData
			Price="6600"
			UnlockByExploration="true"
			UnlockByRank="1"
		>
			<UiDesc
				UiDesc="UI_SUSPENSION_CRAWLER_DESC"
				UiIcon30x30=""
				UiIcon40x40=""
				UiName="UI_SUSPENSION_CRAWLER_NAME"
			/>
		</GameData>
	</SuspensionSet>
</SuspensionSetVariants>