<_templates Include="trucks">
	<Body>
		<Cable Collisions="None" Mass="1">
			<Constraint
				Cone="20"
				PlaneAxisLocal="(0; 0; 1)"
				TwistAxisLocal="(0; 1; 0)"
				Type="Ragdoll"
				PlaneMin="-2"
				PlaneMax="2"
			>
				<PlaneMotor Damping="10" Spring="100" Type="Spring" />
				<ConeMotor Damping="10" Spring="100" Type="Spring" />
			</Constraint>
		</Cable>
	</Body>
</_templates>
<_parent File="chevy_apache_bumper_front_default" />
<TruckAddon>
	<TruckData>
		<Damage>
			<Multiplier Multiplier="1.0" Type="Engine" />
		</Damage>
	</TruckData>
	<PhysicsModel Mesh="trucks/chevy_apache_tuning/chevy_apache_bumper_front_2">
		<Body ImpactType="Truck" Mass="50" ModelFrame="BoneChassis_cdt">
			<Constraint Type="Rigid" />
			<Body Collisions="None" Mass="5" ModelFrame="BoneCabin_cdt">
				<Constraint ExplicitParentFrame="0" Type="Fixed" />
			</Body>
			<Body _template="Cable" ModelFrame="BoneHook1_cdt" />
			<Body _template="Cable" ModelFrame="BoneHook2_cdt" />
			<Body
				AngularDamping="30.0"
				Collisions="None"
				Mass="15"
				ModelFrame="BoneHook3_cdt"
			>
				<Constraint
					AxisLocal="(0; 1; 0)"
					Type="Hinge"
					MinLimit="-1"
					MaxLimit="4"
				/>
			</Body>
		</Body>
	</PhysicsModel>
	<ModelAttachments>
		<MainHeadLight>
			<Flare _template="HeadLight" Color="g(165; 149; 130) x 1" DirAngle="135" Size="1" Pos="(2.912; 1.35; -0.264)" />
			<Flare _template="HeadLight" Color="g(165; 149; 130) x 1" DirAngle="135" Size="1" Pos="(2.912; 1.35; 0.254)" />
		</MainHeadLight>
	</ModelAttachments>
	<MainHeadLight _template="Multiply1" />
	<GameData
		Price="1000"
		UnlockByExploration="false"
		UnlockByRank="9"
	>
		<UiDesc
			UiDesc="UI_TUNING_KHAN_39_MARSHALL_BUMPER_2_DESC"
			UiIcon30x30=""
			UiIcon40x40=""
			UiName="UI_TUNING_KHAN_39_MARSHALL_BUMPER_2_NAME"
		/>
		<InstallSocket Type="ChevyApacheFrontBumperCable" />
	</GameData>
</TruckAddon>
