<_templates Include="trucks" />
<_parent File="chevy_apache_bumper_front_default" />
<TruckAddon>
	<TruckData>
		<Damage>
			<Multiplier Multiplier="1.0" Type="Engine" />
		</Damage>
	</TruckData>
	<PhysicsModel Mesh="trucks/chevy_apache_tuning/chevy_apache_bumper_front_3">
		<Body ImpactType="Truck" Mass="50" ModelFrame="BoneChassis_cdt">
			<Constraint Type="Rigid" />
			<Body
				AngularDamping="30.0"
				Collisions="None"
				Mass="15"
				ModelFrame="BoneHook1_cdt"
			>
				<Constraint
					AxisLocal="(0; 1; 0)"
					Type="Hinge"
					MinLimit="-1"
					MaxLimit="4"
				/>
			</Body>
		</Body>
	</PhysicsModel>
	<ModelAttachments>
		<MainHeadLight>
			<Flare _template="HeadLight" Color="g(165; 149; 130) x 1" DirAngle="135" Size="1" Pos="(2.912; 1.35; -0.264)" />
			<Flare _template="HeadLight" Color="g(165; 149; 130) x 1" DirAngle="135" Size="1" Pos="(2.912; 1.35; 0.254)" />
		</MainHeadLight>
	</ModelAttachments>
	<MainHeadLight _template="Multiply1" />
	<GameData
		Price="1200"
		UnlockByExploration="false"
		UnlockByRank="13"
	>
		<UiDesc
			UiDesc="UI_TUNING_BUMPER_HEAVYDUTY_PIPE_DESC"
			UiIcon30x30=""
			UiIcon40x40=""
			UiName="UI_TUNING_BUMPER_HEAVYDUTY_PIPE_NAME"
		/>
	</GameData>
</TruckAddon>
