<_templates Include="trucks">
	<TruckTire>
		<Offroad _template="Superheavy">
			<WheelTracks _template="Offroad" />
			<WheelSoftness _template="Average" />
		</Offroad>
	</TruckTire>
</_templates>
<TruckWheels DamageCapacity="100" Radius="1" Width="0.65">
	<TruckTires>
		<TruckTire _template="Offroad" Mesh="wheels/tire_heavy_offroad_single_1" Name="allterrain_1">
			<WheelFriction _template="Allterrain" SubstanceFriction="1.2"/>
			<GameData
				Price="4900"
				UnlockByExploration="false"
				UnlockByRank="1"
			>
				<UiDesc UiDesc="UI_TIRE_ALLTERRAIN_DESC" UiName="UI_TIRE_HEAVY_ALLTERRAIN_SINGLE_1_NAME" />
			</GameData>
		</TruckTire>
		<TruckTire _template="Offroad" Mesh="wheels/tire_heavy_offroad_single_2" Name="offroad_1">
			<WheelFriction _template="Offroad" BodyFrictionAsphalt="1.0"/>
			<GameData
				Price="5900"
				UnlockByExploration="false"
				UnlockByRank="11"
			>
				<UiDesc UiDesc="UI_TIRE_OFFROAD_DESC" UiName="UI_TIRE_HEAVY_OFFROAD_SINGLE_1_NAME" />
			</GameData>
		</TruckTire>
		<TruckTire _template="Offroad" Mesh="wheels/tire_heavy_offroad_single_4" Name="offroad_2">
			<WheelFriction _template="Offroad" SubstanceFriction="1.8"/>
			<GameData
				Price="6200"
				UnlockByExploration="false"
				UnlockByRank="11"
			>
				<UiDesc UiDesc="UI_TIRE_OFFROAD_DESC" UiName="UI_TIRE_HEAVY_OFFROAD_SINGLE_4_NAME" />
			</GameData>
		</TruckTire>        
		<TruckTire _template="Offroad" Mesh="wheels/tire_heavy_offroad_single_3" Name="mudtires_1">
			<WheelFriction _template="Mudtires"/>
			<GameData
				Price="7000"
				UnlockByExploration="false"
				UnlockByRank="13"
			>
				<UiDesc UiDesc="UI_TIRE_MUDTIRES_DESC" UiName="UI_TIRE_HEAVY_MUDTIRES_SINGLE_1_NAME" />
			</GameData>
		</TruckTire>
		<TruckTire _template="Offroad" Mesh="wheels/tire_heavy_chains_single_1" Name="chains_1">
			<WheelFriction _template="Chains" />
			<GameData
				Price="6800"
				UnlockByExploration="false"
				UnlockByRank="14"
			>
				<UiDesc UiDesc="UI_TIRE_CHAINS_DESC" UiName="UI_TIRE_HEAVY_CHAINS_SINGLE_1_NAME" />
			</GameData>
		</TruckTire>
		<TruckTire _template="Offroad" Mesh="wheels/tire_dlc8_offroad_single_1" Name="mudtires_2">
			<WheelFriction _template="Mudtires"/>
			<GameData
				Price="8500"
				UnlockByExploration="false"
				UnlockByRank="15"
			>
				<UiDesc UiDesc="UI_TIRE_MUDTIRES_DESC" UiName="UI_DLC_TIRE_HEAVY_MUDTIRES_SINGLE_1_NAME" />
			</GameData>
		</TruckTire>
		<TruckTire _template="Offroad" Mesh="wheels/tire_dlc8_offroad_single_2" Name="mudtires_3">
			<WheelFriction _template="Mudtires"/>
			<GameData
				Price="7900"
				UnlockByExploration="false"
				UnlockByRank="14"
			>
				<UiDesc UiDesc="UI_TIRE_MUDTIRES_DESC" UiName="UI_DLC_TIRE_HEAVY_MUDTIRES_SINGLE_2_NAME" />
			</GameData>
		</TruckTire>
		<TruckTire _template="Offroad" Mesh="wheels/tire_dlc8_offroad_single_3" Name="mudtires_4">
			<WheelFriction _template="Mudtires"/>
			<GameData
				Price="7500"
				UnlockByExploration="false"
				UnlockByRank="14"
			>
				<UiDesc UiDesc="UI_TIRE_MUDTIRES_DESC" UiName="UI_DLC_TIRE_HEAVY_MUDTIRES_SINGLE_3_NAME" />
			</GameData>
		</TruckTire>
	</TruckTires>
	<TruckRims>
		<TruckRim Mesh="wheels/rim_heavy_offroad_single_1" Name="rim_1">
			<GameData>
				<UiDesc UiDesc="UI_RIM_HEAVY_OFFROAD_SINGLE_1_DESC" UiName="UI_RIM_HEAVY_OFFROAD_SINGLE_1_NAME" />
			</GameData>
		</TruckRim>
		<TruckRim Mesh="wheels/rim_heavy_offroad_single_2" Name="rim_2">
			<GameData>
				<UiDesc UiDesc="UI_RIM_HEAVY_OFFROAD_SINGLE_2_DESC" UiName="UI_RIM_HEAVY_OFFROAD_SINGLE_2_NAME" />
			</GameData>
		</TruckRim>

		<!-- New wheels -->
		<TruckRim Mesh="wheels/rim_heavy_mudtires_10_2" Name="JAT MHS I">
			<GameData>
				<UiDesc UiDesc="UI_RIM_JAT_DESC" UiName="UI_RIM_HEAVY_MUDTIRES_SINGLE_10_NAME" />
			</GameData>
		</TruckRim>
		<TruckRim Mesh="wheels/rim_heavy_mudtires_11_2" Name="JAT MHS II">
			<GameData>
				<UiDesc UiDesc="UI_RIM_JAT_DESC" UiName="UI_RIM_HEAVY_MUDTIRES_SINGLE_11_NAME" />
			</GameData>
		</TruckRim>
		<TruckRim Mesh="wheels/rim_heavy_mudtires_12_2" Name="JAT MHS III">
			<GameData>
				<UiDesc UiDesc="UI_RIM_JAT_DESC" UiName="UI_RIM_HEAVY_MUDTIRES_SINGLE_12_NAME" />
			</GameData>
		</TruckRim>
		<TruckRim Mesh="wheels/rim_heavy_mudtires_13_2" Name="JAT MHS IV">
			<GameData>
				<UiDesc UiDesc="UI_RIM_JAT_DESC" UiName="UI_RIM_HEAVY_MUDTIRES_SINGLE_13_NAME" />
			</GameData>
		</TruckRim>
	</TruckRims>
</TruckWheels>
