<_templates Include="trucks">
	<TruckTire>
		<Offroad _template="Heavy">
			<WheelTracks _template="Offroad" />
			<WheelSoftness _template="Average" />
		</Offroad>
	</TruckTire>
</_templates>
<TruckWheels DamageCapacity="50" Radius="1" Width="0.79">
	<TruckTires>
		<TruckTire _template="Offroad" Mesh="wheels/tire_burlak_6x6" Name="tire">
			<WheelFriction 
				_template="Offroad"
				BodyFriction="3.3"
				BodyFrictionAsphalt="0.6"
				SubstanceFriction="2.2"
				IsIgnoreIce="true"
			/>
			<GameData
				Price="2300"
				UnlockByExploration="false"
				UnlockByRank="2"
			>
				<UiDesc UiDesc="UI_TIRE_OFFROAD_DESC" UiName="UI_TIRE_BURLAK_6X6_TIRE_1_NAME" />
			</GameData>
		</TruckTire>
	</TruckTires>
	<TruckRims>
		<TruckRim Mesh="wheels/rim_burlak_6x6" Name="rim">
			<GameData>
				<UiDesc UiDesc="UI_RIM_HEAVY_OFFROAD_DOUBLE_1_DESC" UiName="UI_RIM_BURLAK_6X6_RIM_1_NAME" />
			</GameData>
		</TruckRim>
	</TruckRims>
</TruckWheels>
