<_templates Include="trucks">
	<Body>
		<Limits Collisions="None">
			<Constraint
				LinearLimitsX="(-0.01;0.01)"
				LinearLimitsY="(0;0.01)"
				LinearLimitsZ="(0;0)"
				Type="Fixed"
			>
				<Motor Damping="10" Spring="0.001" Type="Spring" />
			</Constraint>
		</Limits>
	</Body>
</_templates>
<TruckAddon>
	<RepairsHide>
		<Mesh Frame="repair" HideThreshold="0.0" />
	</RepairsHide>
	<FuelHide>
		<Mesh Frame="fuel" HideThreshold="0.0" />
	</FuelHide>
	<TruckData
		FuelCapacity="120"
		RepairsCapacity="150"
	>
		<LimitedFluid Center="(3.988; 3.781; -0.070)" SizeX="0.363" SizeY="0.182" SizeZ="0.519" Type="Box" ParentFrame="BoneFuel_cdt" />
		<LimitedFluid Center="(4.400; 3.781; -0.070)" SizeX="0.363" SizeY="0.182" SizeZ="0.519" Type="Box" ParentFrame="BoneFuel_cdt" />
		<LimitedFluid Center="(4.810; 3.781; -0.070)" SizeX="0.363" SizeY="0.182" SizeZ="0.519" Type="Box" ParentFrame="BoneFuel_cdt" />
		
		<LimitedFluid Center="(4.810; 3.781; -0.677)" SizeX="0.363" SizeY="0.182" SizeZ="0.519" Type="Box" ParentFrame="BoneFuel_cdt" />
		<LimitedFluid Center="(4.400; 3.781; -0.677)" SizeX="0.363" SizeY="0.182" SizeZ="0.519" Type="Box" ParentFrame="BoneFuel_cdt" />
		<LimitedFluid Center="(3.989; 3.781; -0.677)" SizeX="0.363" SizeY="0.182" SizeZ="0.519" Type="Box" ParentFrame="BoneFuel_cdt" />
	</TruckData>
	<Rotator EngineTorqueFactor="0" Frame="BoneRotatorLeft" RotationSpeed="3.9" />
	<Rotator EngineTorqueFactor="0" Frame="BoneRotatorRight" RotationSpeed="4" />
	<PhysicsModel Mesh="trucks/azov_670963n_tuning/azov_670963n_roofrack_1">
		<Body ImpactType="Truck" Mass="60" ModelFrame="BoneCabin_cdt">
			<Constraint Type="Rigid" />
			<Body
				CenterOfMassOffset="(0; 0; 0)"
				Collisions="None"
				Mass="120"
				ModelFrame="BoneFuel_cdt"
			>
				<Constraint
					AxisLocal="(1; 0; 0)"
					Type="Prismatic"
					MinLimit="-0.023"
					MaxLimit="0.022"
				>
					<Motor Damping="2000" Spring="2500" Type="Spring" />
				</Constraint>
			</Body>
			<Body Collisions="None" Mass="50" ModelFrame="BoneRepair_cdt">
				<Constraint
					AxisLocal="(1; 0; 0)"
					Type="Prismatic"
					MinLimit="-0.044"
					MaxLimit="0.023"
				>
					<Motor Damping="2100" Spring="3000" Type="Spring" />
				</Constraint>
			</Body>
		</Body>
	</PhysicsModel>
	<ModelAttachments>
		<Ignition _template="Flasher">
			<Model Dir="(1; 0; 0)" Org="(3.846; 3.925; 1.129)" ParentFrame="BoneRotatorLeft" />
			<Light Dir="(1; 0; 0)" Pos="(3.846; 3.925; 1.129)" ParentFrame="BoneRotatorLeft" />
			<Flare Dir="(1; 0; 0)" Pos="(3.846; 3.925; 1.129)" ParentFrame="BoneRotatorLeft" />
			<Flare Dir="(1; 0; 0)" Pos="(3.846; 3.925; 1.129)" ParentFrame="BoneRotatorLeft" />
			<Flare Pos="(3.846; 3.925; 1.129)" />
		</Ignition>
		<Ignition _template="Flasher">
			<Model Dir="(0; 0; 1)" Org="(3.846; 3.925; -1.129)" ParentFrame="BoneRotatorRight" />
			<Light Dir="(0; 0; 1)" Pos="(3.846; 3.925; -1.129)" ParentFrame="BoneRotatorRight" />
			<Flare Dir="(0; 0; 1)" Pos="(3.846; 3.925; -1.129)" ParentFrame="BoneRotatorRight" />
			<Flare Dir="(0; 0; 1)" Pos="(3.846; 3.925; -1.129)" ParentFrame="BoneRotatorRight" />
			<Flare Pos="(3.846; 3.925; -1.129)" />
		</Ignition>
	</ModelAttachments>
	<MainHeadLight _template="Multiply2" />
	<GameData
		CameraPreset="roof"
		Category="frame_addons"
		IsCustomizable="true"
		Price="4100"
		UnlockByExploration="false"
		UnlockByRank="1"
	>
		<UiDesc
			UiDesc="UI_TUNING_SCOUT_TRUNK_SUPPLIES_DESC"
			UiIcon30x30=""
			UiIcon40x40=""
			UiName="UI_TUNING_SCOUT_TRUNK_SUPPLIES_NAME"
		/>
		<InstallSocket Type="Azov670963nRoofrack" />
	</GameData>
</TruckAddon>