<_templates Include="trucks" />
<TruckAddon>
	<Snorkel Origin="(3.475; 1.629; 0)" />
	<PhysicsModel Mesh="trucks/kenworth_w990_tuning/kenworth_w990_snorkel_default">
		<Body ImpactType="Truck" Mass="40" ModelFrame="BoneCabin_cdt">
			<Constraint Type="Rigid" />
		</Body>
	</PhysicsModel>
	<GameData
		CameraPreset="snorkels"
		Category="snorkel"
		Price="800"
		UnlockByExploration="false"
		UnlockByRank="1"
	>
		<UiDesc
			UiDesc="UI_TUNING_SNORKEL_STOCK_DESC"
			UiIcon30x30=""
			UiIcon40x40=""
			UiName="UI_TUNING_SNORKEL_STOCK_NAME"
		/>
		<InstallSocket Type="KenworthW990Snorkel" />
	</GameData>
</TruckAddon>
