<_templates Include="trucks" />
<_parent File="tuz_16_actaeon_bumper_default" />
<TruckAddon>
	<TruckData>
		<Damage>
			<Multiplier Multiplier="1.0" Type="Engine" />
		</Damage>
	</TruckData>
	<PhysicsModel _noinherit="true" Mesh="trucks/tuz_16_actaeon_tuning/tuz_16_actaeon_bumper_2">
		<Body ImpactType="Truck" Mass="10" ModelFrame="BoneCabin_cdt">
			<Constraint Type="Rigid" />
			<Body
				CenterOfMassOffset="(0; 0; 0)"
				ImpactType="Truck"
				Mass="10"
				ModelFrame="BoneHook_cdt"
			>
				<Constraint
					AxisLocal="(0; 1; 0)"
					PivotOffset="(0; 0; 0)"
					Type="Hinge"
					MinLimit="-12"
					MaxLimit="12"
				>
					<Motor Damping="4" Spring="40" Type="Spring" />
				</Constraint>
			</Body>
		</Body>
	</PhysicsModel>
	<ModelAttachments>
		<MainHeadLight>
			<Flare _template="HeadLight" DirAngle="135" Size=".4" Pos="(2.48; 1.29; -0.264)" />
			<Flare _template="HeadLight" DirAngle="135" Size=".4" Pos="(2.48; 1.29; 0.254)" />
		</MainHeadLight>
	</ModelAttachments>
	<GameData
		Price="1100"
		UnlockByExploration="false"
		UnlockByRank="13"
	>
		<UiDesc
			UiDesc="UI_TUNING_BUMPER_HEAVYDUTY_DESC"
			UiIcon30x30=""
			UiIcon40x40=""
			UiName="UI_TUNING_BUMPER_HEAVYDUTY_NAME"
		/>
	</GameData>
</TruckAddon>
