<_templates Include="trucks" />
<TruckAddon>
	<Snorkel Origin="(4.932; 2.312; -1.179)" />
	<PhysicsModel Mesh="trucks/plad_450_tuning/plad_450_snorkel_default">
		<Body ImpactType="Truck" Mass="40" ModelFrame="BoneCabin_cdt">
			<Constraint Type="Rigid" />
		</Body>
	</PhysicsModel>
	<GameData
		CameraPreset="snorkels"
		Category="snorkel"
		Price="1200"
		UnlockByExploration="false"
		UnlockByRank="1"
	>
		<UiDesc
			UiDesc="UI_TUNING_SNORKEL_STOCK_DESC"
			UiIcon30x30=""
			UiIcon40x40=""
			UiName="UI_TUNING_SNORKEL_STOCK_NAME"
		/>
		<InstallSocket Type="Plad450Snorkel" />
	</GameData>
</TruckAddon>
