<_templates Include="trucks">
	<Body>
		<Cable Collisions="None" Mass="1">
			<Constraint
				Cone="20"
				PlaneAxisLocal="(0; 0; 1)"
				TwistAxisLocal="(0; 1; 0)"
				Type="Ragdoll"
				PlaneMin="-2"
				PlaneMax="2"
			>
				<PlaneMotor Damping="10" Spring="100" Type="Spring" />
				<ConeMotor Damping="10" Spring="100" Type="Spring" />
			</Constraint>
		</Cable>
	</Body>
</_templates>
<_parent File="ford_f750_bumper_default" />
<TruckAddon>
	<TruckData>
		<Damage>
			<Multiplier Multiplier="1.0" Type="Engine" />
		</Damage>
	</TruckData>
	<PhysicsModel Mesh="trucks/ford_f750_tuning/ford_f750_bumper_2">
		<Body ImpactType="Truck" Mass="50" ModelFrame="BoneChassis_cdt">
			<Constraint Type="Rigid" />
			<Body _template="Cable" ModelFrame="BoneHook1_cdt" />
			<Body _template="Cable" ModelFrame="BoneHook2_cdt" />
			<Body
				AngularDamping="30.0"
				Collisions="None"
				Mass="15"
				ModelFrame="BoneHook3_cdt"
			>
				<Constraint
					AxisLocal="(0; 1; 0)"
					Type="Hinge"
					MinLimit="-1"
					MaxLimit="4"
				/>
			</Body>
		</Body>
	</PhysicsModel>
	<ModelAttachments>
		<MainHeadLight>
			<Flare _template="HeadLight" Color="g(255; 235; 205) x 0.55" Size="0.45" Pos="(4.282; 1.397; -0.345)" />
			<Flare _template="HeadLight" Color="g(255; 235; 205) x 0.55" Size="0.45" Pos="(4.282; 1.398; 0)" />
			<Flare _template="HeadLight" Color="g(255; 235; 205) x 0.55" Size="0.45" Pos="(4.282; 1.397; 0.345)" />
		</MainHeadLight>
	</ModelAttachments>
	<MainHeadLight _template="Multiply2" />
	<GameData
		Price="1000"
		UnlockByExploration="false"
		UnlockByRank="8"
	>
		<UiDesc
			UiDesc="UI_TUNING_KHAN_39_MARSHALL_BUMPER_2_DESC"
			UiIcon30x30=""
			UiIcon40x40=""
			UiName="UI_TUNING_KHAN_39_MARSHALL_BUMPER_2_NAME"
		/>
	</GameData>
</TruckAddon>
