<_templates Include="trucks">
	<TruckTire>
		<Highway _template="Medium">
			<WheelTracks _template="Default" />
			<WheelTracks _template="Default" Rear="true" />
			<WheelSoftness _template="Stiff" />
			<WheelFriction _template="Highway" />
		</Highway>
	</TruckTire>
</_templates>
<TruckWheels
	DamageCapacity="50"
	Radius="1"
	Width="0.65"
	Mass="100"
>
	<TruckTires>
        <!--  Highway tires -->
		<TruckTire _template="Highway" Mesh="wheels/tire_medium_highway_single_10" Name="JAT HMS I">
			<WheelFriction _template="Highway" BodyFriction="1" BodyFrictionAsphalt="3" SubstanceFriction="0.4"/>
			<GameData
				Price="2300"
				UnlockByExploration="false"
				UnlockByRank="1"
			>
				<UiDesc UiDesc="UI_TIRE_HIGHWAY_DESC" UiName="UI_TIRE_MEDIUM_HIGHWAY_SINGLE_10_NAME" />
			</GameData>
		</TruckTire>
		<TruckTire _template="Highway" Mesh="wheels/tire_medium_highway_single_11" Name="JAT HMS II">
			<WheelFriction _template="Highway" BodyFriction="1.1" BodyFrictionAsphalt="3" SubstanceFriction="0.3"/>
			<GameData
				Price="2500"
				UnlockByExploration="false"
				UnlockByRank="1"
			>
				<UiDesc UiDesc="UI_TIRE_HIGHWAY_DESC" UiName="UI_TIRE_MEDIUM_HIGHWAY_SINGLE_11_NAME" />
			</GameData>
		</TruckTire>
		<TruckTire _template="Highway" Mesh="wheels/tire_medium_highway_single_12" Name="JAT HMS III">
			<WheelFriction _template="Highway" BodyFriction="0.9" BodyFrictionAsphalt="3.2" SubstanceFriction="0.4"/>
			<GameData
				Price="2900"
				UnlockByExploration="false"
				UnlockByRank="1"
			>
				<UiDesc UiDesc="UI_TIRE_HIGHWAY_DESC" UiName="UI_TIRE_MEDIUM_HIGHWAY_SINGLE_12_NAME" />
			</GameData>
		</TruckTire>
	</TruckTires>
	<TruckRims>
        <!-- Highway rims -->
		<TruckRim Mesh="wheels/rim_medium_highway_single_10" Name="JAT HMS I">
			<GameData>
				<UiDesc UiDesc="UI_RIM_JAT_DESC" UiName="UI_RIM_MEDIUM_HIGHWAY_SINGLE_10_NAME" />
			</GameData>
		</TruckRim>
		<TruckRim Mesh="wheels/rim_medium_highway_single_11" Name="JAT HMS II">
			<GameData>
				<UiDesc UiDesc="UI_RIM_JAT_DESC" UiName="UI_RIM_MEDIUM_HIGHWAY_SINGLE_11_NAME" />
			</GameData>
		</TruckRim>
		<TruckRim Mesh="wheels/rim_medium_highway_allterrain_double_front_1" Name="rim_1">
			<GameData>
				<UiDesc UiDesc="UI_RIM_MEDIUM_DOUBLE_1_DESC" UiName="UI_RIM_MEDIUM_DOUBLE_1_NAME" />
			</GameData>
		</TruckRim>
		<TruckRim Mesh="wheels/rim_medium_highway_allterrain_double_front_2" Name="rim_2">
			<GameData>
				<UiDesc UiDesc="UI_RIM_MEDIUM_DOUBLE_2_DESC" UiName="UI_RIM_MEDIUM_DOUBLE_2_NAME" />
			</GameData>
		</TruckRim>
		<TruckRim Mesh="wheels/rim_medium_highway_allterrain_double_front_3" Name="rim_3">
			<GameData>
				<UiDesc UiDesc="UI_RIM_MEDIUM_DOUBLE_3_DESC" UiName="UI_RIM_MEDIUM_DOUBLE_3_NAME" />
			</GameData>
		</TruckRim>
		<TruckRim Mesh="wheels/rim_medium_highway_allterrain_double_front_4" Name="rim_4">
			<GameData>
				<UiDesc UiDesc="UI_RIM_MEDIUM_DOUBLE_4_DESC" UiName="UI_RIM_MEDIUM_DOUBLE_4_NAME" />
			</GameData>
		</TruckRim>
		<TruckRim Mesh="wheels/rim_medium_highway_allterrain_double_front_5" Name="rim_5">
			<GameData>
				<UiDesc UiDesc="UI_RIM_MEDIUM_DOUBLE_5_DESC" UiName="UI_RIM_MEDIUM_DOUBLE_5_NAME" />
			</GameData>
		</TruckRim>
		<TruckRim Mesh="wheels/rim_medium_highway_allterrain_double_front_6" Name="rim_6">
			<GameData>
				<UiDesc UiDesc="UI_RIM_MEDIUM_DOUBLE_6_DESC" UiName="UI_RIM_MEDIUM_DOUBLE_6_NAME" />
			</GameData>
		</TruckRim>
	</TruckRims>
</TruckWheels>
