<_templates Include="trucks" />
<TruckAddon>
	<Snorkel Origin="(3.281; 2.948; 0)" />
	<PhysicsModel Mesh="trucks/mack_defense_m917_tuning/mack_defense_m917_snorkel_1">
		<Body ImpactType="Truck" Mass="8" ModelFrame="BoneAddon_cdt">
			<Constraint Type="Rigid" />
		</Body>
	</PhysicsModel>
	<GameData
		CameraPreset="snorkels"
		Category="snorkel"
		Price="1700"
		UnlockByExploration="false"
		UnlockByRank="1"
	>
		<UiDesc
			UiDesc="UI_TUNING_SNORKEL_FRONTFACE_TALL_DESC"
			UiIcon30x30=""
			UiIcon40x40=""
			UiName="UI_TUNING_SNORKEL_FRONTFACE_TALL_NAME"
		/>
		<InstallSocket Type="MackDefenseM917Snorkel" />
	</GameData>
</TruckAddon>
