<_templates Include="trucks">
	<TruckTire>
		<Offroad _template="Heavy">
			<WheelTracks _template="Offroad" />
			<WheelSoftness _template="Average" />
		</Offroad>
	</TruckTire>
</_templates>
<TruckWheels DamageCapacity="50" Radius="1" Width="0.665">
	<TruckTires>
		<TruckTire _template="Offroad" Mesh="wheels/tire_azov_670963n" Name="tire">
			<WheelFriction _template="Offroad" BodyFrictionAsphalt="1" SubstanceFriction="1.8" BodyFriction="3"/>
			<GameData
				Price="750"
				UnlockByExploration="false"
				UnlockByRank="1"
			>
				<UiDesc UiDesc="UI_TIRE_OFFROAD_DESC" UiName="UI_TIRE_AZOV_67096_NAME" />
			</GameData>
		</TruckTire>
	</TruckTires>
	<TruckRims>
		<TruckRim Mesh="wheels/rim_azov_670963n" Name="rim">
			<GameData>
				<UiDesc UiDesc="UI_RIM_HEAVY_OFFROAD_DOUBLE_1_DESC" UiName="UI_RIM_AZOV_67096_NAME" />
			</GameData>
		</TruckRim>
	</TruckRims>
</TruckWheels>
