<_templates Include="trucks">
	<Body>
		<Grappler
			ForceBodyParams="true"
			Friction="2.0"
			Mass="100"
			NoClientCollisions="true"
			Collisions="All"
		>
			<Constraint
				AxisLocal="(-1; 0; 0)"
				Type="Hinge"
				MinLimit="0"
				MaxLimit="125"
			>
				<Motor
					Damping="1.0"
					Force="50000"
					Tau="0.04"
					Type="Position"
				/>
			</Constraint>
		</Grappler>
	</Body>
	
	<Body>
		<Anchor Collisions="None" Mass="40">
			<Constraint
				AxisLocal="(0; 1; 0)"
				Name="AnchorRot"
				Type="Hinge"
				MinLimit="0"
				MaxLimit="100"
			>
				<Motor Force="4000" Tau="0.2" Type="Position" />
			</Constraint>
			<Body Collisions="None" Mass="20">
				<Constraint
					AxisLocal="(0; 1; 0)"
					Type="Hinge"
					MinLimit="0"
					MaxLimit="115"
				>
					<Motor Force="2000" Type="Position" />
				</Constraint>
				<Body Mass="10" >
					<Constraint
						AxisLocal="(0; 1; 0)"
						Name="Anchor"
						Type="Prismatic"
						MinLimit="0"
						MaxLimit="0.2"
					>
						<Motor Force="8000" Type="Position" />
					</Constraint>
				</Body>
			</Body>
		</Anchor>
	</Body>
	
</_templates>
<TruckAddon>
	<PoweredConstraints>
		<Chain Name="Anchors" ParentBodies="BoneLeftBaseRot_cdt,BoneRightBaseRot_cdt">
			<Group FoldingDelay="0.2" Id="anchors_position" UnfoldingDelay="0.2">
				<Constraint Name="RightAnchorRot" TerminalFix="true" InitialFix="true" Position="90" />
				<Constraint Name="LeftAnchorRot" TerminalFix="true" InitialFix="true" Position="90" />
			</Group>
			<Group FoldingDelay="0.2" Id="anchors_extend">
				<Constraint
					InitialFix="true"
					Name="AnchorRot"
					TerminalFix="true"
					Position="75"
					SpeedMult="0.65"
				/>
			</Group>
			<Group FoldingDelay="0.2" Id="anchors_push" UnfoldingDelay="0.2">
				<Constraint Name="Anchor" TerminalFix="true" Position="0.5" SpeedMult="0.35" />
			</Group>
		</Chain>
		<Group Action="2" Id="crane_grab" LocaleUid="UI_CRANE_GRAB">
			<Constraint Name="RightGrappler" SpeedMult="2" Position="105" />
			<Constraint Name="LeftGrappler" SpeedMult="2" Position="115" />
		</Group>
	</PoweredConstraints>
	<PhysicsModel Mesh="trucks/addons/futom_7290ra_crane">
		<NetSync Legacy="true" />
		<Body ImpactType="Truck" Mass="1400">
			<Constraint Type="Fixed" />
			<Body Mass="600" ModelFrame="BoneRotationBase_cdt">
				<Constraint
					AxisLocal="(0; 1; 0)"
					Name="Crane"
					Type="Hinge"
					MinLimit="-350"
					MaxLimit="350"
				>
					<Motor Force="80000" Tau="0.5" Type="Position" />
				</Constraint>
				<Body Collisions="All" Mass="550" ModelFrame="BoneArm1_cdt">
					<Constraint
						AxisLocal="(0; 0; 1)"
						Name="Arm1"
						Type="Hinge"
						MinLimit="-40"
						MaxLimit="60"
					>
						<Motor Force="800000" Tau="0.5" Type="Position" />
					</Constraint>
					<Body Collisions="All" Mass="300" ModelFrame="BoneArm2_cdt">
						<Constraint
							AxisLocal="(0; 0; -1)"
							Name="Arm2"
							Type="Hinge"
							MinLimit="-10"
							MaxLimit="100"
						>
							<Motor Force="800000" Tau="0.2" Type="Position" />
						</Constraint>
						<Body Collisions="All" Mass="300" ModelFrame="BoneArmExt1_cdt">
								<Constraint
									AxisLocal="(0; 1; 0)"
									Name="ArmExt"
									Type="Prismatic"
									MinLimit="0"
									MaxLimit="1.7"
								>
									<Motor Force="60000" Tau="0.6" Type="Position" />
								</Constraint>
								<Body Collisions="All" Mass="300" ModelFrame="BoneArmExt2_cdt">
								<Constraint
									AxisLocal="(0; 1; 0)"
									Name="ArmExt"
									Type="Prismatic"
									MinLimit="0"
									MaxLimit="1.7"
								>
									<Motor Force="60000" Tau="0.7" Type="Position" />
								</Constraint>
								<Body
									AngularDamping="1"
									Collisions="None"
									Mass="40"
									ModelFrame="BoneGrabberHingeOX_cdt"
								>
									<Constraint
										AxisLocal="(0; 0; 1)"
										Type="Hinge"
										MinLimit="-360"
										MaxLimit="360"
									>
										<Motor Damping="50" Spring="0" Type="Spring" />
									</Constraint>
									<Body ForceBodyParams="true" Mass="40" ModelFrame="BoneGrabberHingeOZ_cdt">
										<Constraint
											AxisLocal="(0; 1; 0)"
											Name="GrapplerBase"
											Type="Hinge"
											MinLimit="-180"
											MaxLimit="180"
										>
											<Motor Force="120000" Tau="0.6" Type="Position" />
										</Constraint>
										<Body _template="Grappler" ModelFrame="BoneGrabberL_cdt">
											<Constraint Name="LeftGrappler"/>
										</Body>
										<Body _template="Grappler" ModelFrame="BoneGrabberR_cdt">
											<Constraint Name="RightGrappler"/>
										</Body>
									</Body>
								</Body>
							</Body>
						</Body>
					</Body>
				</Body>
			</Body>
			
			<Body Collisions="None" NoClientCollisions="true" Mass="120" ModelFrame="BoneLeftBaseRot_cdt">
				<Constraint
					AxisLocal="(1; 0; 0)"
					Name="AnchorRot"
					Type="Hinge"
					MinLimit="0"
					MaxLimit="95"
					NoClientCollisions="true"
				>
					<Motor Force="4000" Tau="0.2" Type="Position" />
				</Constraint>
				<Body Collisions="None" Mass="70" ModelFrame="BoneLeftRot_cdt">
					<Constraint
						Name="LeftAnchorRot"
						AxisLocal="(-1; 0; 0)"
						Type="Hinge"
						MinLimit="0"
						MaxLimit="115"
					>
						<Motor Force="2000" Type="Position" />
					</Constraint>
					<Body Mass="45" ModelFrame="BoneLeftExt_cdt">
						<Constraint
							AxisLocal="(0; 0; 1)"
							Name="Anchor"
							Type="Prismatic"
							MinLimit="0"
							MaxLimit="0.6"
						>
							<Motor Force="25000" Type="Position" />
						</Constraint>
					</Body>
				</Body>
			</Body>
			
			<Body Collisions="None" NoClientCollisions="true" Mass="120" ModelFrame="BoneRightBaseRot_cdt">
				<Constraint
					AxisLocal="(-1; 0; 0)"
					Name="AnchorRot"
					Type="Hinge"
					MinLimit="0"
					MaxLimit="95"
				>
					<Motor Force="4000" Tau="0.2" Type="Position" />
				</Constraint>
				<Body Collisions="None" Mass="70" ModelFrame="BoneRightRot_cdt">
					<Constraint
						Name="RightAnchorRot"
						AxisLocal="(1; 0; 0)"
						Type="Hinge"
						MinLimit="0"
						MaxLimit="115"
					>
						<Motor Force="2000" Type="Position" />
					</Constraint>
					<Body Mass="45" ModelFrame="BoneRightExt_cdt">
						<Constraint
							AxisLocal="(0; 0; -1)"
							Name="Anchor"
							Type="Prismatic"
							MinLimit="0"
							MaxLimit="0.6"
						>
							<Motor Force="25000" Type="Position" />
						</Constraint>
					</Body>
				</Body>
			</Body>
		</Body>
	</PhysicsModel>
	<GameData
		CameraPreset="addon_1"
		Category="frame_addons"
		IsCustomizable="true"
		Price="6800"
		UnlockByExploration="false"
		UnlockByRank="1"
	>
		<UiDesc
			UiDesc="UI_ADDON_CRANE_FUTOM_7290RA_DESC"
			UiIcon30x30=""
			UiIcon40x40=""
			UiName="UI_ADDON_CRANE_FUTOM_7290RA_NAME"
		/>
		<SoundPoweredGroupStart Name="" Range="10" Volume="1" />
		<SoundPoweredGroupLoop Name="addons/crane_loglift/crane_loglift_legs_loop" Range="10" Volume="1" />
		<SoundPoweredGroupStop Name="addons/crane_loglift/crane_loglift_legs_stop" Range="10" Volume="1" />

		<SoundOpenStart Name="addons/crane_loglift/crane_loglift_cabin_start" Range="10" Volume="1" />
		<SoundOpenLoop Name="addons/crane_loglift/crane_loglift_cabin_loop" Range="10" Volume="1" />
		<SoundOpenStop Name="addons/crane_loglift/crane_loglift_cabin_stop" Range="10" Volume="1" />

		<SoundIKStart Name="addons/crane_loglift/crane_loglift_crane_start" Range="10" Volume="1" />
		<SoundIKLoop Name="addons/crane_loglift/crane_loglift_crane_loop" Range="10" Volume="1" />
		<SoundIKStop Name="addons/crane_loglift/crane_loglift_crane_stop" Range="10" Volume="1" />

		<SoundGrabberMoveStart Name="addons/crane_loglift/crane_loglift_grabber_start" Range="10" Volume="1" />
		<SoundGrabberMoveLoop Name="addons/crane_loglift/crane_loglift_grabber_loop" Range="10" Volume="1" />
		<SoundGrabberMoveStop Name="addons/crane_loglift/crane_loglift_grabber_stop" Range="10" Volume="1" />

		<SoundGrabberAction Name="trucks/aramatsu_forester/aramatsu_forester_grabber_action" Range="10" Volume="1" />

		<SoundClose Name="addons/crane_loglift/crane_loglift_restore" Range="10" Volume="1" />

		<SoundCraneCabin Name="trucks/aramatsu_forester/aramatsu_forester_cabin_rotate_loop" Range="10" Volume="1" />

		<InstallSocket Offset="(0; 0; 0)" Type="Futom7290RaCrane" />
		<AddonType Name="LogCrane" />
	</GameData>
	<ControlledIK
		CoeffEndMovementSpeedOY=".8"
		CoeffEndMovementSpeedOYWithLoad=".8"
		CoeffEndMovementSpeedXZ="0.9"
		CoeffEndMovementSpeedXZWithLoad="0.9"
	>
		<Chain EndOffset="(0.1; 0; 0)" CenterXZ="(-3.408; 0)" ModelFrames="BoneRoot_cdt,BoneRotationBase_cdt,BoneArm1_cdt,BoneArm2_cdt,BoneArmExt1_cdt, BoneArmExt2_cdt">
			<ConstraintStartPosition Name="Arm1" SpeedMult=".05" Value="10" />
		</Chain>
	</ControlledIK>
	<ControlledConstraints>
		<Constraint
			Action="9"
			ActionId="fork_crane"
			Id="fork_crane"
			LocaleUid="UI_FORK_CRANE"
			Name="GrapplerBase"
			SpeedMult=".02"
		/>
	</ControlledConstraints>
	<AutomaticIK>
		
		<IKBone ModelFrame="BoneLeftLegPistonBase" ParentFrame="BoneRoot_cdt">
			<IKJoint AxisLocal="(1; 0; 0)" Type="Hinge" />
			<IKBone
				AttachOffset="(0; 0; 0)"
				AttachToFrame="BoneLeftRot_cdt"
				ModelFrame="BoneLeftLegPiston"
			>
				<IKJoint AxisLocal="(0; 1; 0)" Type="Slider" />
			</IKBone>
		</IKBone>
		
		<IKBone ModelFrame="BoneRightLegPistonBase" ParentFrame="BoneRoot_cdt">
			<IKJoint AxisLocal="(1; 0; 0)" Type="Hinge" />
			<IKBone
				AttachOffset="(0; 0; 0)"
				AttachToFrame="BoneRightRot_cdt"
				ModelFrame="BoneRightLegPiston"
			>
				<IKJoint AxisLocal="(0; 1; 0)" Type="Slider" />
			</IKBone>
		</IKBone>
		
		<IKBone ModelFrame="BonePistonBase" ParentFrame="BoneArm1_cdt">
			<IKJoint AxisLocal="(0; 0; 1)" Type="Hinge" />
			<IKBone
				AttachOffset="(0; 0; 0)"
				AttachToFrame="BoneRotationBase_cdt"
				ModelFrame="BonePiston"
			>
				<IKJoint AxisLocal="(1; 0; 0)" Type="Slider" />
			</IKBone>
		</IKBone>
		<IKBone ModelFrame="BoneLever1" ParentFrame="BoneArm1_cdt">
			<IKJoint AxisLocal="(0; 0; 1)" Type="Hinge" />
			<IKBone
				AttachOffset="(0.465; 0; 0)"
				AttachToFrame="BoneArm2_cdt"
				ModelFrame="BoneLever2"
			>
				<IKJoint AxisLocal="(0; 0; 1)" Type="Hinge" />
			</IKBone>
		</IKBone>
		<IKBone ModelFrame="BoneArmPistonBase" ParentFrame="BoneArm1_cdt">
			<IKJoint AxisLocal="(0; 0; 1)" Type="Hinge" />
			<IKBone
				AttachOffset="(0; 0; 0)"
				AttachToFrame="BoneLever1"
				ModelFrame="BoneArmPiston"
			>
				<IKJoint AxisLocal="(1; 0; 0)" Type="Slider" />
			</IKBone>
		</IKBone>
		<IKBone ModelFrame="BoneGrabPistonBase" ParentFrame="BoneGrabberL_cdt">
			<IKJoint AxisLocal="(1; 0; 0)" Type="Hinge" />
			<IKBone
				AttachOffset="(0; 0; 0)"
				AttachToFrame="BoneGrabberR_cdt"
				ModelFrame="BoneGrabPiston"
			>
				<IKJoint AxisLocal="(0; 0; 1)" Type="Slider" />
			</IKBone>
		</IKBone>
		
		<IKBone ModelFrame="BoneArm2" ParentFrame="BoneArm2_cdt">
			<IKJoint AxisLocal="(0; 1; 0)" Type="Hinge2" />
			<IKBone
				AttachOffset="(0; 0; 0)"
				AttachToFrame="BoneArmExt1_cdt"
				ModelFrame="BoneArmExt1"
			>
				<IKJoint AxisLocal="(0; 1; 0)" Type="Slider" />
			</IKBone>
		</IKBone>
		<IKBone ModelFrame="BoneArmExt1_1" ParentFrame="BoneArmExt1_cdt">
			<IKJoint AxisLocal="(0; 1; 0)" Type="Hinge2" />
			<IKBone
				AttachOffset="(0; 0; 0)"
				AttachToFrame="BoneArmExt2_cdt"
				ModelFrame="BoneArmExt2"
			>
				<IKJoint AxisLocal="(0; 1; 0)" Type="Slider" />
			</IKBone>
		</IKBone>
	</AutomaticIK>
</TruckAddon>
