<_templates Include="trucks" />
<TruckAddon>
	<Rotator
		EngineTorqueFactor="0"
		Frame="BoneRotator"
		RotationSpeed="4"
	/>
	<PhysicsModel Mesh="trucks/femm_37at_tuning/femm_37at_beacon_01">
		<Body Collisions="None" Mass="10">
			<Constraint Type="Rigid" />
		</Body>
	</PhysicsModel>
	<ModelAttachments>
		<Ignition _template="Flasher">
			<Model Dir="(0.996; 0.093; 0)" Org="(5.087; 4.216; 0)" ParentFrame="BoneRotator" />
			<Light Dir="(0.996; 0.093; 0)" Pos="(5.087; 4.216; 0)" ParentFrame="BoneRotator" />
			<Flare Dir="(0.996; 0.093; 0)" Pos="(5.087; 4.216; 0)" ParentFrame="BoneRotator" />
			<Flare Dir="(0.996; 0.093; 0)" Pos="(5.087; 4.216; 0)" ParentFrame="BoneRotator" />
			<Flare Pos="(5.087; 4.216; 0)" />
		</Ignition>
	</ModelAttachments>
	<GameData
		CameraPreset="roof"
		Category="miscellenious"
		Price="700"
		UnlockByExploration="false"
		UnlockByRank="1"
	>
		<UiDesc
			UiDesc="UI_TUNING_ROUND_BEACON_DESC"
			UiIcon30x30=""
			UiIcon40x40=""
			UiName="UI_TUNING_ROUND_BEACON_NAME"
		/>
		<InstallSocket Type="Femm37AtBeacon" />
	</GameData>
</TruckAddon>
