<_templates Include="trucks"/>
<TruckAddon>
	<TruckData>
		<Damage>
			<Multiplier Multiplier="1.0" Type="Engine" />
		</Damage>
	</TruckData>
	<PhysicsModel Mesh="trucks/femm_37at_tuning/femm_37at_bumper_default">
		<Body ImpactType="Truck" Mass="150">
			<Constraint Type="Rigid" />
		</Body>
	</PhysicsModel>
	<ModelAttachments>
		<Ignition>
			<Light _template="IgnitionSignalWhite" Size="0.1" Pos="(7.047; 1.09; 0)" />
			<Flare _template="IgnitionSignalWhite" AspectRatio="1.5" ColorMultAtDay="0.35" Dir="(1; 0; 0)" Size="0.35" Pos="(6.78; 1.428; 1.128)" />
			<Flare _template="IgnitionSignalWhite" AspectRatio="1.5" ColorMultAtDay="0.35" Dir="(1; 0; 0)" Size="0.35" Pos="(6.815; 1.4; 0.94)" />
			<Flare _template="IgnitionSignalWhite" AspectRatio="1.5" ColorMultAtDay="0.35" Dir="(1; 0; 0)" Size="0.27" Pos="(6.78; 1.102; 1.113)" />
			<Flare _template="IgnitionSignalWhite" AspectRatio="1.5" ColorMultAtDay="0.35" Dir="(1; 0; 0)" Size="0.27" Pos="(6.8; 1.078; 0.94)" />
			<Flare _template="IgnitionSignalWhite" AspectRatio="1.5" ColorMultAtDay="0.35" Dir="(1; 0; 0)" Size="0.35" Pos="(6.78; 1.428; -1.128)" />
			<Flare _template="IgnitionSignalWhite" AspectRatio="1.5" ColorMultAtDay="0.35" Dir="(1; 0; 0)" Size="0.35" Pos="(6.815; 1.4; -0.94)" />
			<Flare _template="IgnitionSignalWhite" AspectRatio="1.5" ColorMultAtDay="0.35" Dir="(1; 0; 0)" Size="0.27" Pos="(6.78; 1.102; -1.113)" />
			<Flare _template="IgnitionSignalWhite" AspectRatio="1.5" ColorMultAtDay="0.35" Dir="(1; 0; 0)" Size="0.27" Pos="(6.8; 1.078; -0.94)" />
		</Ignition>
		<HeadLight>
			<Model _template="HeadLightRay" Org="(6.78; 1.428; 1.128)" />
			<Model _template="HeadLightRay" Org="(6.78; 1.428; -1.128)" />
			<Flare _template="HeadLight" Color="g(255; 235; 215) x 1" Size="0.1" Pos="(6.78; 1.428; 1.128)"/>
			<Flare _template="HeadLight" Color="g(255; 235; 215) x 1" Size="0.1" Pos="(6.78; 1.428; -1.128)"/>
			<Flare _template="HeadLight" Color="g(255; 235; 215) x 1" Size="0.1" Pos="(6.815; 1.4; 0.94)"/>
			<Flare _template="HeadLight" Color="g(255; 235; 215) x 1" Size="0.1" Pos="(6.815; 1.4; -0.94)" />
		</HeadLight>
	</ModelAttachments>
	<HeadLight _template="Default" Pos="(7.047; 1.09; 0)" />
	<GameData
		CameraPreset="default"
		Category="bumper"
		Price="1100"
		UnlockByExploration="false"
		UnlockByRank="1"
	>
		<UiDesc
			UiDesc="UI_TUNING_BUMPER_STOCK_DESC"
			UiIcon30x30=""
			UiIcon40x40=""
			UiName="UI_TUNING_BUMPER_STOCK_NAME"
		/>
		<InstallSocket Type="Femm37AtBumper" />
	</GameData>
</TruckAddon>
