<_templates Include="trucks" />
<SuspensionSetVariants>
	<SuspensionSet
		_template="Normal"
		DamageCapacity="120"
		Name="ford_f750_suspension_default"
	>
		<Suspension 
			Damping="0.2" 
			Height="0.2" 
			Strength="0.042" 
			WheelType="front" 
			BrokenSuspensionMax="0.15" 
			SuspensionMin="-0.35" 
		/>
		<Suspension 
			Damping="0.25" 
			Height="0.1" 
			Strength="0.1" 
			WheelType="rear" 
			BrokenSuspensionMax="0.15" 
			SuspensionMin="-0.15" 
			/>
		<GameData
			Price="2300"
			UnlockByExploration="false"
			UnlockByRank="1"
		>
			<UiDesc
				UiDesc="UI_SUSPENSION_DEFAULT_DESC"
				UiIcon30x30=""
				UiIcon40x40=""
				UiName="UI_SUSPENSION_DEFAULT_NAME"
			/>
		</GameData>
	</SuspensionSet>
	<SuspensionSet
		_template="High"
		DamageCapacity="100"
		Name="ford_f750_suspension_high"
	>
		<Suspension 
			Damping="0.3" 
			Height="0.27" 
			Strength="0.042" 
			WheelType="front" 
			BrokenSuspensionMax="0.15" 
			SuspensionMin="-0.37" 
		/>
		<Suspension 
			Damping="0.3" 
			Height="0.17" 
			Strength="0.08" 
			WheelType="rear" 
			BrokenSuspensionMax="0.15" 
			SuspensionMin="-0.15" 
			/>
		<GameData
			Price="5300"
			UnlockByExploration="true"
			UnlockByRank="1"
		>
			<UiDesc
				UiDesc="UI_SUSPENSION_HIGH_DESC"
				UiIcon30x30=""
				UiIcon40x40=""
				UiName="UI_SUSPENSION_HIGH_NAME"
			/>
		</GameData>
	</SuspensionSet>
	<SuspensionSet
		_template="Ultimate"
		DamageCapacity="75"
		Name="ford_f750_suspension_ultimate"
	>
		<Suspension 
			Damping="0.3" 
			Height="0.32" 
			Strength="0.05" 
			WheelType="front" 
			BrokenSuspensionMax="0.15" 
			SuspensionMin="-0.5" 
		/>
		<Suspension 
			Damping="0.3" 
			Height="0.22" 
			Strength="0.08" 
			WheelType="rear" 
			BrokenSuspensionMax="0.15" 
			SuspensionMin="-0.25" 
			/>
		<GameData
			Price="6000"
			UnlockByExploration="true"
			UnlockByRank="1"
		>
			<UiDesc
				UiDesc="UI_SUSPENSION_ULTIMATE_DESC"
				UiIcon30x30=""
				UiIcon40x40=""
				UiName="UI_SUSPENSION_ULTIMATE_NAME"
			/>
		</GameData>
	</SuspensionSet>
</SuspensionSetVariants>
