<_templates Include="trucks" />
<TruckAddon>
	<TruckData>
		<Shakers>
			<Shaker Frame="BoneExhaustL" MinAngle="(0.1; 0.1; 0.1)" MaxAngle="(0.25; 0.25; 0.25)" MaxFrequency="4" ParentFrame="BoneCabinDamper_cdt" />
			<Shaker Frame="BoneExhaustR" MinAngle="(0.1; 0.1; 0.1)" MaxAngle="(0.25; 0.25; 0.25)" MaxFrequency="4.1" ParentFrame="BoneCabinDamper_cdt" />
			<Shaker Frame="BoneExhaustCapR"  LimitDirectionZ="Negative" MinAngle="(0; 0; 20)" MaxAngle="(0; 0; 47)" MaxFrequency="0.17" ParentFrame="BoneExhaustR" />
			<Shaker Frame="BoneExhaustCapL"  LimitDirectionZ="Negative" MinAngle="(0; 0; 20)" MaxAngle="(0; 0; 47)" MaxFrequency="0.16" ParentFrame="BoneExhaustL" />
		</Shakers>
	</TruckData>
	<PhysicsModel Mesh="trucks/kenworth_963_tuning/kenworth_963_exhaust_1">
		<Body ImpactType="Truck" Mass="40">
			<Constraint Type="Rigid" />
		</Body>
	</PhysicsModel>
	<GameData
		CameraPreset="side_r"
		Category="exhaust"
		Price="1700"
		UnlockByExploration="false"
		UnlockByRank="1"
	>
		<UiDesc
			UiDesc="UI_TUNING_EXHAUST_FLAPCAP_DESC"
			UiIcon30x30=""
			UiIcon40x40=""
			UiName="UI_TUNING_EXHAUST_FLAPCAP_NAME"
		/>
		<InstallSocket Type="Kenworth963Exhaust" />
	</GameData>
	<Exhaust Dir="(0; 1; 0)" IsLight="true" Origin="(0.768; 4.13; 1.069)" Speed="3.82" />
	<Exhaust Dir="(0; 1; 0)" IsLight="true" Origin="(0.768; 4.13; -1.069)" Speed="3.82" />
</TruckAddon>
