<_templates Include="trucks" />
<TruckAddon>
	<TruckData>
		<Damage>
			<Multiplier Multiplier="0.9" Type="Engine" />
		</Damage>
	</TruckData>
	<PhysicsModel Mesh="trucks/aac_58dw_tuning/aac_58dw_bumper_default">
		<Body ImpactType="Truck" Mass="25" ModelFrame="BoneBumperDefault_cdt">
			<Constraint Type="Rigid" />
		</Body>
	</PhysicsModel>
	<GameData
		CameraPreset="default"
		Category="bumper"
		Price="800"
		UnlockByExploration="false"
		UnlockByRank="1"
	>
		<UiDesc
			UiDesc="UI_TUNING_BUMPER_STOCK_DESC"
			UiIcon30x30=""
			UiIcon40x40=""
			UiName="UI_TUNING_BUMPER_STOCK_NAME"
		/>
		<InstallSocket Type="Aac58DwBumper" />
	</GameData>
</TruckAddon>
