<_templates Include="trucks" />
<SuspensionSetVariants>
	<SuspensionSet
		_template="Normal"
		BrokenWheelDamageMultiplier="2"
		CriticalDamageThreshold="0.8"
		DamageCapacity="280"
		DeviationDelta=".01"
		Name="kenworth_w990_suspension_default"
	>
		<Suspension 
			Damping="0.15" 
			Height="0.18" 
			Strength="0.12" 
			WheelType="front" 
			BrokenSuspensionMax="0.2" 
			DeviationMax="0.01"
			SuspensionMin="-0.25" 
			SuspensionMax="1.4"/>
		<Suspension 
			Damping="0.2" 
			Height="0.2"
			Strength="0.015" 
			WheelType="rear" 
			BrokenSuspensionMax="0.15" 
			DeviationMax="0.01"
			SuspensionMin="-0.3" 
			SuspensionMax="1.4"/>
		<Suspension 
			Damping="0.6" 
			Height="0.0" 
			Strength="0.017" 
			WheelType="middle" 
			BrokenSuspensionMax="0.2" 
			DeviationMax=".3" 
			SuspensionMin="-0.1" />
		<GameData
			Price="6600"
			UnlockByExploration="false"
			UnlockByRank="1"
		>
			<UiDesc
				UiDesc="UI_SUSPENSION_DEFAULT_DESC"
				UiIcon30x30=""
				UiIcon40x40=""
				UiName="UI_SUSPENSION_DEFAULT_NAME"
			/>
		</GameData>
	</SuspensionSet>
	<SuspensionSet
		_template="Normal"
		BrokenWheelDamageMultiplier="2"
		CriticalDamageThreshold="0.6"
		DamageCapacity="230"
		DeviationDelta=".008"
		Name="kenworth_w990_suspension_high"
		UiName="UI_SUSPENSION_TYPE_HIGH_NAME"
	>
		<Suspension 
			Damping="0.15" 
			Height="0.32" 
			Strength="0.10" 
			WheelType="front" 
			BrokenSuspensionMax="0.2" 
			DeviationMax="0.01" 
			SuspensionMin="-0.35" />
		<Suspension 
			Damping="0.2" 
			Height="0.32" 
			Strength="0.013" 
			WheelType="rear" 
			BrokenSuspensionMax="0.15" 
			DeviationMax="0.01" 
			SuspensionMin="-0.2" />
		<Suspension 
			Damping="0.6" 
			Height="0.0" 
			Strength="0.017" 
			WheelType="middle" 
			BrokenSuspensionMax="0.2" 
			DeviationMax=".54" 
			SuspensionMin="-0.1" />
		<GameData
			Price="7500"
			UnlockByExploration="false"
			UnlockByRank="1"
		>
			<UiDesc
				UiDesc="UI_SUSPENSION_HIGH_DESC"
				UiIcon30x30=""
				UiIcon40x40=""
				UiName="UI_SUSPENSION_HIGH_NAME"
			/>
		</GameData>
	</SuspensionSet>
</SuspensionSetVariants>
