<_templates Include="trucks" />
<TruckAddon>
	<TruckData>
		<Damage>
			<Multiplier Multiplier="0.7" Type="Engine" />
		</Damage>
	</TruckData>
	<PhysicsModel Mesh="trucks/kenworth_w990_tuning/kenworth_w990_bumper_1">
		<Body ImpactType="Truck" Mass="50" ModelFrame="BoneCabin_cdt">
			<Constraint Type="Rigid" />
			<Body
				AngularDamping="1.0"
				Collisions="None"
				Mass="15"
				ModelFrame="BoneHook_cdt"
			>
				<Constraint
					AxisLocal="(0; 0; 1)"
					Type="Hinge"
					MinLimit="-3"
					MaxLimit="8"
				/>
			</Body>
		</Body>
	</PhysicsModel>
	<ModelAttachments>
		<Ignition>
			<Flare _template="IgnitionSignalWhite" Size="0.3" Pos="(5.138; 0.796; -1.037)" />
			<Flare _template="IgnitionSignalWhite" Size="0.3" Pos="(5.138; 0.796; 1.037)" />
			<!-- <Flare _template="IgnitionSignalOrange" AspectRatio="6" Color="g(255; 140; 0) x 0.4" Dir="(0; 0; 1)" Pos="(4.854; 1.134; 0.928)" ParentFrame="BoneCabin_cdt"/>
			<Flare _template="IgnitionSignalOrange" AspectRatio="6" Color="g(255; 140; 0) x 0.4" Dir="(0; 0; 1)" Pos="(4.854; 1.134; -0.928)" ParentFrame="BoneCabin_cdt"/> -->
		</Ignition>
	</ModelAttachments>
	<MainHeadLight _template="Multiply1"/>
	<GameData
		CameraPreset="hoods"
		Category="bumper"
		Price="1500"
		UnlockByExploration="false"
		UnlockByRank="1"
	>
		<UiDesc
			UiDesc="UI_TUNING_BUMPER_REBAR_DESC"
			UiIcon30x30=""
			UiIcon40x40=""
			UiName="UI_TUNING_BUMPER_REBAR_NAME"
		/>
		<InstallSocket Type="KenworthW990Bumper" />
	</GameData>
</TruckAddon>
