<_templates Include="trucks" />
<TruckAddon>
	<PhysicsModel Mesh="trucks/azov_670963n_tuning/azov_670963n_gabarite_default" />
	<ModelAttachments>
		<Ignition>
			<Flare _template="MarkerBeacon" Color="g(255; 140; 0) x 0.3" Size="0.3" Pos="(5.122; 3.373; -1.079)" ParentFrame="BoneCabin_cdt" />
			<Flare _template="MarkerBeacon" Color="g(255; 140; 0) x 0.3" Size="0.3" Pos="(5.124; 3.509; -0.259)" ParentFrame="BoneCabin_cdt" />
			<Flare _template="MarkerBeacon" Color="g(255; 140; 0) x 0.3" Size="0.3" Pos="(5.122; 3.505; 0)" ParentFrame="BoneCabin_cdt" />
			<Flare _template="MarkerBeacon" Color="g(255; 140; 0) x 0.3" Size="0.3" Pos="(5.124; 3.509; 0.259)" ParentFrame="BoneCabin_cdt" />
			<Flare _template="MarkerBeacon" Color="g(255; 140; 0) x 0.3" Size="0.3" Pos="(5.122; 3.373; 1.079)" ParentFrame="BoneCabin_cdt" />
		</Ignition>
	</ModelAttachments>
	<GameData
		CameraPreset="roof"
		Category="top"
		Price="700"
		UnlockByExploration="false"
		UnlockByRank="1"
	>
		<UiDesc
			UiDesc="UI_TUNING_PARKLIGHTS_FACTORY_DESC"
			UiIcon30x30=""
			UiIcon40x40=""
			UiName="UI_TUNING_PARKLIGHTS_FACTORY_NAME"
		/>
		<InstallSocket Type="Azov670963nGabarite" />
	</GameData>
</TruckAddon>
