<_templates Include="trucks" />
<TruckAddon>
	<Rotator
		EngineTorqueFactor="0"
		Frame="BoneRotator"
		RotationSpeed="4"
	/>
	<PhysicsModel Mesh="trucks/ford_f750_tuning/ford_f750_beacon_1">
		<Body Collisions="None" Mass="10">
			<Constraint Type="Rigid" />
		</Body>
	</PhysicsModel>
	<ModelAttachments>
		<Ignition _template="Flasher">
			<Model Dir="(0.996; 0.093; 0)" Org="(1.334; 2.364; 0)" ParentFrame="BoneRotator" />
			<Light Dir="(0.996; 0.093; 0)" Pos="(1.334; 2.364; 0)" ParentFrame="BoneRotator" />
			<Flare Dir="(0.996; 0.093; 0)" Pos="(1.334; 2.364; 0)" ParentFrame="BoneRotator" />
			<Flare Dir="(0.996; 0.093; 0)" Pos="(1.334; 2.364; 0)" ParentFrame="BoneRotator" />
			<Flare Pos="(1.274; 2.358; 0)" />
		</Ignition>
	</ModelAttachments>
	<GameData
		CameraPreset="roof"
		Category="miscellenious"
		Price="600"
		UnlockByExploration="false"
		UnlockByRank="1"
	>
		<UiDesc
			UiDesc="UI_TUNING_ROUND_BEACON_DESC"
			UiIcon30x30=""
			UiIcon40x40=""
			UiName="UI_TUNING_ROUND_BEACON_NAME"
		/>
		<InstallSocket Type="FordF750Beacon" />
	</GameData>
</TruckAddon>
