<_templates Include="trucks" />
<TruckAddon>
	<PhysicsModel Mesh="trucks/plad_450_tuning/plad_450_gabarite_default" />
	<ModelAttachments>
		<Ignition>
			<Flare _template="MarkerBeacon" Color="g(255; 140; 0) x 0.3" Size="0.3" Pos="(2.849; 3.738; -0.251)" ParentFrame="BoneCabin_cdt" />
			<Flare _template="MarkerBeacon" Color="g(255; 140; 0) x 0.3" Size="0.3" Pos="(2.849; 3.738; 0)" ParentFrame="BoneCabin_cdt" />
			<Flare _template="MarkerBeacon" Color="g(255; 140; 0) x 0.3" Size="0.3" Pos="(2.849; 3.738; 0.251)" ParentFrame="BoneCabin_cdt" />
		</Ignition>
	</ModelAttachments>
	<GameData
		CameraPreset="roof"
		Category="top"
		Price="500"
		UnlockByExploration="false"
		UnlockByRank="1"
	>
		<UiDesc
			UiDesc="UI_TUNING_PARKLIGHTS_FACTORY_DESC"
			UiIcon30x30=""
			UiIcon40x40=""
			UiName="UI_TUNING_PARKLIGHTS_FACTORY_NAME"
		/>
		<InstallSocket Type="Plad450Gabarite" />
	</GameData>
</TruckAddon>
