<_templates Include="trucks" />
<TruckAddon>
	<TruckData>
		<Damage>
			<Multiplier Multiplier="0.8" Type="Engine" />
		</Damage>
	</TruckData>
	<PhysicsModel Mesh="trucks/aac_58dw_tuning/aac_58dw_bumper_1">
		<Body Mass="50" ModelFrame="BoneChassis_cdt">
			<Constraint Type="Rigid" />
			<Body
				AngularDamping="6"
				Collisions="None"
				Mass="1"
				ModelFrame="BoneHook_cdt"
			>
				<Constraint
					AxisLocal="(0; 0; 1)"
					Type="Hinge"
					MinLimit="-26"
					MaxLimit="20"
				/>
			</Body>
		</Body>
	</PhysicsModel>
	<ModelAttachments>
		<MainHeadLight>
			<Model _template="HeadLightRay" Org="(1.998; 1.096; 0)" />
			<Flare _template="HeadLight" Color="g(215; 215; 215) x 0.5" Size="0.05" Pos="(1.99; 1.109; -0.12)" ParentFrame="BoneChassis_cdt" />
			<Flare _template="HeadLight" Color="g(215; 215; 215) x 0.5" Size="0.05" Pos="(1.99; 1.109; -0.093)" ParentFrame="BoneChassis_cdt" />
			<Flare _template="HeadLight" Color="g(215; 215; 215) x 0.5" Size="0.05" Pos="(1.99; 1.109; -0.066)" ParentFrame="BoneChassis_cdt" />
			<Flare _template="HeadLight" Color="g(215; 215; 215) x 0.5" Size="0.05" Pos="(1.99; 1.109; -0.039)" ParentFrame="BoneChassis_cdt" />
			<Flare _template="HeadLight" Color="g(215; 215; 215) x 0.5" Size="0.05" Pos="(1.99; 1.109; -0.012)" ParentFrame="BoneChassis_cdt" />
			<Flare _template="HeadLight" Color="g(215; 215; 215) x 0.5" Size="0.05" Pos="(1.99; 1.109; 0.013)" ParentFrame="BoneChassis_cdt" />
			<Flare _template="HeadLight" Color="g(215; 215; 215) x 0.5" Size="0.05" Pos="(1.99; 1.109; 0.039)" ParentFrame="BoneChassis_cdt" />
			<Flare _template="HeadLight" Color="g(215; 215; 215) x 0.5" Size="0.05" Pos="(1.99; 1.109; 0.066)" ParentFrame="BoneChassis_cdt" />
			<Flare _template="HeadLight" Color="g(215; 215; 215) x 0.5" Size="0.05" Pos="(1.99; 1.109; 0.093)" ParentFrame="BoneChassis_cdt" />
			<Flare _template="HeadLight" Color="g(215; 215; 215) x 0.5" Size="0.05" Pos="(1.99; 1.109; 0.12)" ParentFrame="BoneChassis_cdt" />
			<Flare _template="HeadLight" Color="g(215; 215; 215) x 0.5" Size="0.05" Pos="(1.99; 1.083; -0.12)" ParentFrame="BoneChassis_cdt" />
			<Flare _template="HeadLight" Color="g(215; 215; 215) x 0.5" Size="0.05" Pos="(1.99; 1.083; -0.093)" ParentFrame="BoneChassis_cdt" />
			<Flare _template="HeadLight" Color="g(215; 215; 215) x 0.5" Size="0.05" Pos="(1.99; 1.083; -0.066)" ParentFrame="BoneChassis_cdt" />
			<Flare _template="HeadLight" Color="g(215; 215; 215) x 0.5" Size="0.05" Pos="(1.99; 1.083; -0.039)" ParentFrame="BoneChassis_cdt" />
			<Flare _template="HeadLight" Color="g(215; 215; 215) x 0.5" Size="0.05" Pos="(1.99; 1.083; -0.012)" ParentFrame="BoneChassis_cdt" />
			<Flare _template="HeadLight" Color="g(215; 215; 215) x 0.5" Size="0.05" Pos="(1.99; 1.083; 0.013)" ParentFrame="BoneChassis_cdt" />
			<Flare _template="HeadLight" Color="g(215; 215; 215) x 0.5" Size="0.05" Pos="(1.99; 1.083; 0.039)" ParentFrame="BoneChassis_cdt" />
			<Flare _template="HeadLight" Color="g(215; 215; 215) x 0.5" Size="0.05" Pos="(1.99; 1.083; 0.066)" ParentFrame="BoneChassis_cdt" />
			<Flare _template="HeadLight" Color="g(215; 215; 215) x 0.5" Size="0.05" Pos="(1.99; 1.083; 0.093)" ParentFrame="BoneChassis_cdt" />
			<Flare _template="HeadLight" Color="g(215; 215; 215) x 0.5" Size="0.05" Pos="(1.99; 1.083; 0.12)" ParentFrame="BoneChassis_cdt" />
		</MainHeadLight>
	</ModelAttachments>
	<MainHeadLight _template="Multiply1" />
	<GameData
		CameraPreset="default"
		Category="bumper"
		Price="1300"
		UnlockByExploration="false"
		UnlockByRank="1"
	>
		<UiDesc
			UiDesc="UI_TUNING_BUMPER_REINFORCED_DESC"
			UiIcon30x30=""
			UiIcon40x40=""
			UiName="UI_TUNING_BUMPER_REINFORCED_NAME"
		/>
		<InstallSocket Type="Aac58DwBumper" />
	</GameData>
</TruckAddon>
