<_templates Include="trucks" />
<TruckAddon>
	<PhysicsModel Mesh="trucks/aac_58dw_tuning/aac_58dw_spot_light_1" />
	<ModelAttachments>
		<MainHeadLight>
			<Model _template="HeadLightRay" Org="(0.521; 1.971; -0.376)" />
			<Model _template="HeadLightRay" Org="(0.521; 1.971; 0.376)" />
			<Flare _template="HeadLight" Color="g(215; 215; 215) x 0.5" Size="0.05" Pos="(0.514; 1.984; -0.497)" ParentFrame="BoneChassis_cdt" />
			<Flare _template="HeadLight" Color="g(215; 215; 215) x 0.5" Size="0.05" Pos="(0.514; 1.984; -0.47)" ParentFrame="BoneChassis_cdt" />
			<Flare _template="HeadLight" Color="g(215; 215; 215) x 0.5" Size="0.05" Pos="(0.514; 1.984; -0.443)" ParentFrame="BoneChassis_cdt" />
			<Flare _template="HeadLight" Color="g(215; 215; 215) x 0.5" Size="0.05" Pos="(0.514; 1.984; -0.416)" ParentFrame="BoneChassis_cdt" />
			<Flare _template="HeadLight" Color="g(215; 215; 215) x 0.5" Size="0.05" Pos="(0.514; 1.984; -0.389)" ParentFrame="BoneChassis_cdt" />
			<Flare _template="HeadLight" Color="g(215; 215; 215) x 0.5" Size="0.05" Pos="(0.514; 1.984; -0.363)" ParentFrame="BoneChassis_cdt" />
			<Flare _template="HeadLight" Color="g(215; 215; 215) x 0.5" Size="0.05" Pos="(0.514; 1.984; -0.336)" ParentFrame="BoneChassis_cdt" />
			<Flare _template="HeadLight" Color="g(215; 215; 215) x 0.5" Size="0.05" Pos="(0.514; 1.984; -0.31)" ParentFrame="BoneChassis_cdt" />
			<Flare _template="HeadLight" Color="g(215; 215; 215) x 0.5" Size="0.05" Pos="(0.514; 1.984; -0.283)" ParentFrame="BoneChassis_cdt" />
			<Flare _template="HeadLight" Color="g(215; 215; 215) x 0.5" Size="0.05" Pos="(0.514; 1.984; -0.256)" ParentFrame="BoneChassis_cdt" />
			<Flare _template="HeadLight" Color="g(215; 215; 215) x 0.5" Size="0.05" Pos="(0.514; 1.958; -0.497)" ParentFrame="BoneChassis_cdt" />
			<Flare _template="HeadLight" Color="g(215; 215; 215) x 0.5" Size="0.05" Pos="(0.514; 1.958; -0.47)" ParentFrame="BoneChassis_cdt" />
			<Flare _template="HeadLight" Color="g(215; 215; 215) x 0.5" Size="0.05" Pos="(0.514; 1.958; -0.443)" ParentFrame="BoneChassis_cdt" />
			<Flare _template="HeadLight" Color="g(215; 215; 215) x 0.5" Size="0.05" Pos="(0.514; 1.958; -0.416)" ParentFrame="BoneChassis_cdt" />
			<Flare _template="HeadLight" Color="g(215; 215; 215) x 0.5" Size="0.05" Pos="(0.514; 1.958; -0.389)" ParentFrame="BoneChassis_cdt" />
			<Flare _template="HeadLight" Color="g(215; 215; 215) x 0.5" Size="0.05" Pos="(0.514; 1.958; -0.363)" ParentFrame="BoneChassis_cdt" />
			<Flare _template="HeadLight" Color="g(215; 215; 215) x 0.5" Size="0.05" Pos="(0.514; 1.958; -0.336)" ParentFrame="BoneChassis_cdt" />
			<Flare _template="HeadLight" Color="g(215; 215; 215) x 0.5" Size="0.05" Pos="(0.514; 1.958; -0.31)" ParentFrame="BoneChassis_cdt" />
			<Flare _template="HeadLight" Color="g(215; 215; 215) x 0.5" Size="0.05" Pos="(0.514; 1.958; -0.283)" ParentFrame="BoneChassis_cdt" />
			<Flare _template="HeadLight" Color="g(215; 215; 215) x 0.5" Size="0.05" Pos="(0.514; 1.958; -0.256)" ParentFrame="BoneChassis_cdt" />
			<Flare _template="HeadLight" Color="g(215; 215; 215) x 0.5" Size="0.05" Pos="(0.514; 1.984; 0.497)" ParentFrame="BoneChassis_cdt" />
			<Flare _template="HeadLight" Color="g(215; 215; 215) x 0.5" Size="0.05" Pos="(0.514; 1.984; 0.47)" ParentFrame="BoneChassis_cdt" />
			<Flare _template="HeadLight" Color="g(215; 215; 215) x 0.5" Size="0.05" Pos="(0.514; 1.984; 0.443)" ParentFrame="BoneChassis_cdt" />
			<Flare _template="HeadLight" Color="g(215; 215; 215) x 0.5" Size="0.05" Pos="(0.514; 1.984; 0.416)" ParentFrame="BoneChassis_cdt" />
			<Flare _template="HeadLight" Color="g(215; 215; 215) x 0.5" Size="0.05" Pos="(0.514; 1.984; 0.389)" ParentFrame="BoneChassis_cdt" />
			<Flare _template="HeadLight" Color="g(215; 215; 215) x 0.5" Size="0.05" Pos="(0.514; 1.984; 0.363)" ParentFrame="BoneChassis_cdt" />
			<Flare _template="HeadLight" Color="g(215; 215; 215) x 0.5" Size="0.05" Pos="(0.514; 1.984; 0.336)" ParentFrame="BoneChassis_cdt" />
			<Flare _template="HeadLight" Color="g(215; 215; 215) x 0.5" Size="0.05" Pos="(0.514; 1.984; 0.31)" ParentFrame="BoneChassis_cdt" />
			<Flare _template="HeadLight" Color="g(215; 215; 215) x 0.5" Size="0.05" Pos="(0.514; 1.984; 0.283)" ParentFrame="BoneChassis_cdt" />
			<Flare _template="HeadLight" Color="g(215; 215; 215) x 0.5" Size="0.05" Pos="(0.514; 1.984; 0.256)" ParentFrame="BoneChassis_cdt" />
			<Flare _template="HeadLight" Color="g(215; 215; 215) x 0.5" Size="0.05" Pos="(0.514; 1.958; 0.497)" ParentFrame="BoneChassis_cdt" />
			<Flare _template="HeadLight" Color="g(215; 215; 215) x 0.5" Size="0.05" Pos="(0.514; 1.958; 0.47)" ParentFrame="BoneChassis_cdt" />
			<Flare _template="HeadLight" Color="g(215; 215; 215) x 0.5" Size="0.05" Pos="(0.514; 1.958; 0.443)" ParentFrame="BoneChassis_cdt" />
			<Flare _template="HeadLight" Color="g(215; 215; 215) x 0.5" Size="0.05" Pos="(0.514; 1.958; 0.416)" ParentFrame="BoneChassis_cdt" />
			<Flare _template="HeadLight" Color="g(215; 215; 215) x 0.5" Size="0.05" Pos="(0.514; 1.958; 0.389)" ParentFrame="BoneChassis_cdt" />
			<Flare _template="HeadLight" Color="g(215; 215; 215) x 0.5" Size="0.05" Pos="(0.514; 1.958; 0.363)" ParentFrame="BoneChassis_cdt" />
			<Flare _template="HeadLight" Color="g(215; 215; 215) x 0.5" Size="0.05" Pos="(0.514; 1.958; 0.336)" ParentFrame="BoneChassis_cdt" />
			<Flare _template="HeadLight" Color="g(215; 215; 215) x 0.5" Size="0.05" Pos="(0.514; 1.958; 0.31)" ParentFrame="BoneChassis_cdt" />
			<Flare _template="HeadLight" Color="g(215; 215; 215) x 0.5" Size="0.05" Pos="(0.514; 1.958; 0.283)" ParentFrame="BoneChassis_cdt" />
			<Flare _template="HeadLight" Color="g(215; 215; 215) x 0.5" Size="0.05" Pos="(0.514; 1.958; 0.256)" ParentFrame="BoneChassis_cdt" />
		</MainHeadLight>
	</ModelAttachments>
	<MainHeadLight _template="Multiply1" />
	<GameData
		CameraPreset="addon_2"
		Category="top"
		Price="700"
		UnlockByExploration="false"
		UnlockByRank="1"
	>
		<UiDesc
			UiDesc="UI_TUNING_ROOFBAR_FOGLIGHTS_DESC"
			UiIcon30x30=""
			UiIcon40x40=""
			UiName="UI_TUNING_ROOFBAR_FOGLIGHTS_NAME"
		/>
		<InstallSocket Type="Aac58DwSpotlight" />
	</GameData>
</TruckAddon>
