<_templates Include="trucks" />
<TruckAddon>
	<Snorkel Origin="(3.370; 3.432; 0)" />
	<PhysicsModel Mesh="trucks/plad_450_tuning/plad_450_snorkel_2">
		<Body ImpactType="Truck" Mass="8" ModelFrame="BoneCabin_cdt">
			<Constraint Type="Rigid" />
		</Body>
	</PhysicsModel>
	<ModelAttachments>
		<Ignition>
			<Flare _template="IgnitionSignalOrange" ColorMultAtDay=".2" Color="g(255; 160; 2) x .5" Size="0.2" Pos="(3.621; 2.852; -1.199)" />
			<Flare _template="IgnitionSignalOrange" ColorMultAtDay=".2" Color="g(255; 160; 2) x .5" Size="0.2" Pos="(3.621; 2.754; -1.199)" />
			<Flare _template="IgnitionSignalOrange" ColorMultAtDay=".2" Color="g(255; 160; 2) x .5" Size="0.2" Pos="(3.621; 2.653; -1.199)" />
			<Flare _template="IgnitionSignalOrange" ColorMultAtDay=".2" Color="g(255; 160; 2) x .5" Size="0.2" Pos="(3.621; 2.553; -1.199)" />
			<Flare _template="IgnitionSignalOrange" ColorMultAtDay=".2" Color="g(255; 160; 2) x .5" Size="0.2" Pos="(3.621; 2.452; -1.199)" />
			<Flare _template="IgnitionSignalOrange" ColorMultAtDay=".2" Color="g(255; 160; 2) x .5" Size="0.2" Pos="(3.621; 2.852; 1.199)" />
			<Flare _template="IgnitionSignalOrange" ColorMultAtDay=".2" Color="g(255; 160; 2) x .5" Size="0.2" Pos="(3.621; 2.754; 1.199)" />
			<Flare _template="IgnitionSignalOrange" ColorMultAtDay=".2" Color="g(255; 160; 2) x .5" Size="0.2" Pos="(3.621; 2.653; 1.199)" />
			<Flare _template="IgnitionSignalOrange" ColorMultAtDay=".2" Color="g(255; 160; 2) x .5" Size="0.2" Pos="(3.621; 2.553; 1.199)" />
			<Flare _template="IgnitionSignalOrange" ColorMultAtDay=".2" Color="g(255; 160; 2) x .5" Size="0.2" Pos="(3.621; 2.452; 1.199)" />
		</Ignition>
	</ModelAttachments>
	<GameData
		CameraPreset="snorkels"
		Category="snorkel"
		Price="2400"
		UnlockByExploration="false"
		UnlockByRank="12"
	>
		<UiDesc
			UiDesc="UI_TUNING_SNORKEL_FLATCAP_TALL_TWIN_DESC"
			UiIcon30x30=""
			UiIcon40x40=""
			UiName="UI_TUNING_SNORKEL_FLATCAP_TALL_TWIN_NAME"
		/>
		<InstallSocket Type="Plad450Snorkel" />
	</GameData>
</TruckAddon>
