<TruckAddon>
	<PhysicsModel Mesh="trucks/earthroamer_sx_tuning/earthroamer_sx_threshold_default">
		<Body Mass="15" ModelFrame="BoneCabin_cdt">
			<Constraint Type="Rigid" />
		</Body>
	</PhysicsModel>
	<ModelAttachments>
		<Ignition>
			<!-- Tresholds Beacons Flares -->
			<Flare _template="IgnitionSignalOrange" Color="g(255; 165; 80) x 0.35" Size="0.1" ColorMultAtDay="0.2" Pos="(0.150; 0.621; -1.082)" Dir="(0; 0; -1)" DirAngle="90" />
			<Flare _template="IgnitionSignalOrange" Color="g(255; 165; 80) x 0.35" Size="0.1" ColorMultAtDay="0.2" Pos="(0.150; 0.621; 1.082)" Dir="(0; 0; 1)" DirAngle="90" />
			<Flare _template="IgnitionSignalOrange" Color="g(255; 165; 80) x 0.35" Size="0.1" ColorMultAtDay="0.2" Pos="(1.166; 0.621; -1.082)" Dir="(0; 0; -1)" DirAngle="90" />
			<Flare _template="IgnitionSignalOrange" Color="g(255; 165; 80) x 0.35" Size="0.1" ColorMultAtDay="0.2" Pos="(1.166; 0.621; 1.082)" Dir="(0; 0; 1)" DirAngle="90" />
			<Flare _template="IgnitionSignalOrange" Color="g(255; 165; 80) x 0.35" Size="0.1" ColorMultAtDay="0.2" Pos="(2.192; 0.621; -1.082)" Dir="(0; 0; -1)" DirAngle="90" />
			<Flare _template="IgnitionSignalOrange" Color="g(255; 165; 80) x 0.35" Size="0.1" ColorMultAtDay="0.2" Pos="(2.192; 0.621; 1.082)" Dir="(0; 0; 1)" DirAngle="90" />
		</Ignition>
	</ModelAttachments>
	<GameData
		CameraPreset="default"
		Category="miscellenious"
		Price="1000"
		UnlockByExploration="false"
		UnlockByRank="1"
	>
		<UiDesc
			UiDesc="UI_TUNING_SILLS_STOCK_COVERS_DESC"
			UiIcon30x30=""
			UiIcon40x40=""
			UiName="UI_TUNING_SILLS_STOCK_COVERS_NAME"
		/>
		<InstallSocket Type="EarthroamerSxThreshold" />
	</GameData>
</TruckAddon>
