<TruckAddon>
	<TruckData>
		<Shakers>
			<Shaker Frame="BoneExhaust" LimitDirectionY="Negative" MinAngle="(0.2; 0.7; 0.2)" MaxAngle="(0.7; 0.7; 0.7)" MaxFrequency="2.1" ParentFrame="BoneExhaust" />
		</Shakers>
	</TruckData>
	<PhysicsModel Mesh="trucks/azov_670963n_tuning/azov_670963n_exhaust_1">
		<Body Collisions="None" Mass="10" ModelFrame="BoneCabin_cdt">
			<Constraint Type="Rigid" />
		</Body>
	</PhysicsModel>
	<Exhaust
		Dir="(-0.723;-0.067;0.688)"
		IsLight="true"
		Origin="(2.782; 3.896; 1.184)"
		Speed="3.82"
		ParentFrame="BoneCabin_cdt"
	/>
	<GameData
		CameraPreset="side_r"
		Category="exhaust"
		Price="1500"
		UnlockByExploration="false"
		UnlockByRank="1"
	>
		<UiDesc
			UiDesc="UI_TUNING_EXHAUST_HEATSHIELD_DESC"
			UiIcon30x30=""
			UiIcon40x40=""
			UiName="UI_TUNING_EXHAUST_SNUB_HEATSHIELD_NAME"
		/>
		<InstallSocket Type="Azov670963nExhaust" />
	</GameData>
</TruckAddon>
