<_templates Include="trucks" />
<TruckAddon>
	<TruckData>
		<Damage>
			<Multiplier Multiplier="0.95" Type="Engine" />
		</Damage>
	</TruckData>
	<PhysicsModel Mesh="trucks/aac_58dw_tuning/aac_58dw_wings_1" />
	<GameData
		CameraPreset="default"
		Category="fenders"
		Price="1100"
		UnlockByExploration="false"
		UnlockByRank="8"
	>
		<UiDesc
			UiDesc=""
			UiIcon30x30=""
			UiIcon40x40=""
			UiName="UI_TUNING_FENDER_SET_NAME"
		/>
		<InstallSocket Type="Aac58DwWings" />
	</GameData>
</TruckAddon>
