<_templates Include="trucks" />
<TruckAddon>
	<PhysicsModel Mesh="trucks/ford_f750_tuning/ford_f750_spot_light_2" />
	<ModelAttachments>
		<MainHeadLight>
			<Flare _template="HeadLight" Color="g(255; 235; 215) x 0.6" DirAngle="135" Size="0.25" Pos="(1.883; 2.455; -0.46)" />
			<Flare _template="HeadLight" Color="g(255; 235; 215) x 0.6" DirAngle="135" Size="0.25" Pos="(1.883; 2.455; -0.16)" />
			<Flare _template="HeadLight" Color="g(255; 235; 215) x 0.6" DirAngle="135" Size="0.25" Pos="(1.883; 2.455; 0.16)" />
			<Flare _template="HeadLight" Color="g(255; 235; 215) x 0.6" DirAngle="135" Size="0.25" Pos="(1.883; 2.455; 0.46)" />
		</MainHeadLight>
	</ModelAttachments>
	<MainHeadLight _template="Multiply2" />
	<GameData
		CameraPreset="roof"
		Category="top"
		Price="1000"
		UnlockByExploration="false"
		UnlockByRank="9"
	>
		<UiDesc
			UiDesc="UI_TUNING_ROOFBAR_FOGLIGHTS_LARGE_DESC"
			UiIcon30x30=""
			UiIcon40x40=""
			UiName="UI_TUNING_ROOFBAR_FOGLIGHTS_LARGE_NAME"
		/>
		<InstallSocket Type="FordF750Spotlight" />
	</GameData>
</TruckAddon>
