<_templates Include="trucks">
	<Flare>
		<IgnitionSignalRed
			AspectRatio="1.4"
			Color="g(255; 140; 0) x 0.3"
			ColorMultAtDay="0.6"
			Dir="(0; 1; 0)"
			DirAngle="135"
			Size="0.1"
		/>
	</Flare>
	<Body>
		<Mechanism Mass="800" >
			<Constraint
				AxisLocal="(-1; 0; 0)"
				Name="AnchorRot"
				Type="Hinge"
				MinLimit="-50"
				MaxLimit="0"
			>
				<Motor Force="80000" Tau="0.02" Type="Position" />
			</Constraint>
			<Body Mass="600">
				<Constraint
					AxisLocal="(0; 1; 0)"
					Name="AnchorExt"
					Type="Prismatic"
					MinLimit="0"
					MaxLimit="1"
				>
					<Motor Force="50000" Tau="0.02" Type="Position" />
				</Constraint>

				<Body Mass="510">
					<Constraint
						AxisLocal="(0; 0; 1)"
						Name="AnchorFootRot"
						Type="Hinge"
						MinLimit="-90"
						MaxLimit="0"
					>
						<Motor Force="50000" Type="Position" />
					</Constraint>
					<Body Mass="400" ForceBodyParams="true" NoFoliageCollisions="true">
						<Constraint
							AxisLocal="(0; -1; 0)"
							Name="AnchorTrue"
							Type="Prismatic"
							MinLimit="0"
							MaxLimit="1.2"
						>
							<Motor Force="12000" Type="Position" />
						</Constraint>
					</Body>
				</Body>
			</Body>
		</Mechanism>
		
		<Wire Collisions="None" Mass="0.07">
			<Constraint
				AxisLocal="(0; 0; 1)"
				Type="Prismatic"
				MinLimit="-0.4"
				MaxLimit="0.4"
			>
				<Motor Damping="0.1" Spring="5" Type="Spring" />
			</Constraint>
		</Wire>
	</Body>
</_templates>

<TruckAddon IsChassisFullOcclusion="true">

	<PhysicsModel Mesh="trucks/addons/big_crane_us_02">
		<NetSync Legacy="true" />
		<Body CenterOfMassOffset="(-1.45; 0.739; 0)" Mass="3800">
			<Constraint Type="Fixed" />
			<Body
				CenterOfMassOffset="(-1.040; 0.12; 0)"
				Mass="800"
				ModelFrame="BoneCabin_cdt"
			>
				<Constraint
					AxisLocal="(0; 0.7; 0)"
					Name="Crane"
					Type="Hinge"
					MinLimit="-355"
					MaxLimit="355"
				>
					<Motor Force="500000" Type="Position" />
				</Constraint>
				<Body _template="Wire" ModelFrame="BoneCabWires_cdt" />
				<Body
					CenterOfMassOffset="(0; 0; 0)"
					Collisions="None"
					Mass="400"
					ModelFrame="BoneShaft_cdt"
				>
					<Constraint
						AxisLocal="(0; 0; 1)"
						Name="Crane"
						Type="Hinge"
						MinLimit="-1"
						MaxLimit="40"
					>
						<Motor Force="1000000" Tau="0.7" Type="Position" />
					</Constraint>
					<Body
						CenterOfMassOffset="(0; 0; 0)"
						Collisions="Internal"
						Mass="400"
						ModelFrame="BoneShaft1_cdt"
					>
						<Constraint
							AxisLocal="(1; 0; 0)"
							Name="Crane"
							Type="Prismatic"
							MinLimit="0"
							MaxLimit="10"
						>
							<Motor Force="160000" Tau="0.5" Type="Position" />
						</Constraint>
					</Body>
				</Body>
			</Body>
			
			<Body _template="Mechanism" ModelFrame="BoneRearLegL_cdt">
				<Body ModelFrame="BoneRearLeftBase_cdt">
					<Body ModelFrame="BoneRearLegRotL_cdt" Mass="250">
						<Body ModelFrame="BoneRearLeftAnchor_cdt" Mass="600" />
					</Body>
				</Body>
			</Body>
			<Body _template="Mechanism" ModelFrame="BoneRearLegR_cdt">
				<Constraint	AxisLocal="(1; 0; 0)" />
				<Body ModelFrame="BoneRearRightBase_cdt">
					<Body ModelFrame="BoneRearLegRotR_cdt" Mass="250">
						<Body ModelFrame="BoneRearRightAnchor_cdt" Mass="600" />
					</Body>
				</Body>
			</Body>
			<Body _template="Mechanism" ModelFrame="BoneFrontLegL_cdt">
				<Body ModelFrame="BoneFrontLeftBase_cdt">
					<Body ModelFrame="BoneFrontLegRotL_cdt" Mass="250">
						<Constraint AxisLocal="(0; 0; -1)" />
						<Body ModelFrame="BoneFrontLeftAnchor_cdt" Mass="600" />
					</Body>
				</Body>
			</Body>
			<Body _template="Mechanism" ModelFrame="BoneFrontLegR_cdt">
				<Constraint	AxisLocal="(1; 0; 0)" />
				<Body ModelFrame="BoneFrontRightBase_cdt">
					<Body ModelFrame="BoneFrontLegRotR_cdt" Mass="250">
						<Constraint AxisLocal="(0; 0; -1)" />
						<Body ModelFrame="BoneFrontRightAnchor_cdt" Mass="600" />
					</Body>
				</Body>
			</Body>
			
			<Body Collisions="None" Mass="5" ModelFrame="BoneFrameR_cdt">
				<Constraint ExplicitParentFrame="0" Type="Fixed" />
			</Body>
			<Body Collisions="None" Mass="5" ModelFrame="BoneFrameL_cdt">
				<Constraint ExplicitParentFrame="0" Type="Fixed" />
			</Body>
			<Body Collisions="None" Mass="5" ModelFrame="BoneFrameR_01_cdt">
				<Constraint ExplicitParentFrame="1" Type="Fixed" />
			</Body>
			<Body Collisions="None" Mass="5" ModelFrame="BoneFrameL_01_cdt">
				<Constraint ExplicitParentFrame="1" Type="Fixed" />
			</Body>
			
		</Body>
	</PhysicsModel>
	
	<PoweredConstraints>
		<Chain Action="1" Name="Anchors">
			<Group Id="anchors_unfold" UnfoldingDelay="0.2" FoldingDelay="0.2">
				<Constraint
					InitialFix="true"
					TerminalFix="true"
					Name="AnchorRot"
					Position="-50"
				/>
			</Group>
			<Group Id="anchors_slide" UnfoldingDelay="0.4" FoldingDelay="0.4">
				<Constraint
					InitialFix="true"
					TerminalFix="true"
					Name="AnchorExt"
					Position="1"
				/>
			</Group>
			<Group Id="anchors_rot" UnfoldingDelay="0.4" FoldingDelay="0.4">
				<Constraint
					InitialFix="true"
					TerminalFix="true"
					Name="AnchorFootRot"
					Position="-90"
				/>
			</Group>
			<Group Id="anchors_push" UnfoldingDelay="0.4" FoldingDelay="0.4">
				<Constraint
					InitialFix="true"
					TerminalFix="true"
					Name="AnchorTrue"
					Position="1.2"
				/>
			</Group>
		</Chain>
	</PoweredConstraints>

	<ModelAttachments>
		<Ignition>
			<Flare _template="IgnitionSignalRed" Pos="(-3.507; 2.012; 0.101)" Size=".32" ParentFrame="BoneCabin_cdt"/>
			<Flare _template="IgnitionSignalRed" Pos="(-3.507; 2.012; 0.001)" Size=".32" ParentFrame="BoneCabin_cdt"/>
			<Flare _template="IgnitionSignalRed" Pos="(-3.507; 2.012; -0.098)" Size=".32" ParentFrame="BoneCabin_cdt"/>
		</Ignition>
		<HeadLight>
            <!--
			<Model _template="HeadLightRay" Org="(0.674; 1.222; -0.948)" ParentFrame="BoneCabin_cdt" />
			<Model _template="HeadLightRay" Org="(0.674; 1.222; -0.501)" ParentFrame="BoneCabin_cdt" />
			-->
			<Light _template="IgnitionSignalWhite" Pos="(0.674; 1.222; -0.948)" ParentFrame="BoneCabin_cdt" />
			<Light _template="IgnitionSignalWhite" Pos="(0.674; 1.222; -0.501)" ParentFrame="BoneCabin_cdt" />
			<Flare _template="HeadLight" Color="g(255; 235; 215) x 1" Size=".3" Pos="(0.674; 1.222; -0.948)" ParentFrame="BoneCabin_cdt" />
			<Flare _template="HeadLight" Color="g(255; 235; 215) x 1" Size=".3" Pos="(0.674; 1.222; -0.501)" ParentFrame="BoneCabin_cdt" />
			<Flare _template="HeadLight" Color="g(255; 235; 215) x 1" Size=".3" Pos="(7.284; 3.158; -0.424)" ParentFrame="BoneShaft1_cdt" />
			<Flare _template="BlueStreak" Pos="(0.674; 1.222; -0.501)" ParentFrame="BoneCabin_cdt" />
			<Flare _template="BlueStreak" Pos="(0.674; 1.222; -0.501)" ParentFrame="BoneCabin_cdt" />
			<Flare _template="BlueStreak" Pos="(7.284; 3.158; -0.424)" ParentFrame="BoneShaft1_cdt" />
		</HeadLight>
	</ModelAttachments>
	
	<GameData
		CameraPreset="addon_1"
		Category="frame_addons"
		IsCustomizable="true"
		Price="9400"
		UnlockByExploration="false"
		UnlockByRank="6"
	>
		<UiDesc
			UiDesc="UI_ADDON_BIG_CRANE_US_02_DESC"
			UiIcon30x30=""
			UiIcon40x40=""
			UiName="UI_ADDON_BIG_CRANE_US_02_NAME"
		/>
		
		<SoundPoweredGroupStop Name="addons/common/crane_powergroups_stop" Range="20" Volume="1" />
		<SoundPoweredGroupStart Name="addons/common/crane_powergroups_start" Range="20" Volume="1" />
		<SoundPoweredGroupLoop Name="addons/common/crane_powergroups_loop" Range="20" Volume="1" />
		<SoundIKStop Name="addons/bigcrane_us/bigcrane_us_turn_stop" Range="20" Volume="1" />
		<SoundIKStart Name="addons/bigcrane_us/bigcrane_us_turn_start" Range="20" Volume="1" />
		<SoundIKLoop Name="addons/bigcrane_us/bigcrane_us_turn_loop" Range="20" Volume="1" />
		<InstallSocket Type="BigCrane" />
		<CraneSourceSocket Pos="(8.051; 2.452; 0)" ParentFrame="BoneShaft1_cdt" />
		<AddonType Name="Crane" />
	</GameData>
	<ControlledIK
		CoeffEndMovementSpeedOY=".65"
		CoeffEndMovementSpeedOYWithLoad=".5"
		CoeffEndMovementSpeedXZ=".8"
		CoeffEndMovementSpeedXZWithLoad=".6"
	>
		<Chain EndOffset="(0.1; 0; 0)" ModelFrames="BoneRoot_cdt,BoneCabin_cdt,BoneShaft_cdt,BoneShaft1_cdt" />
	</ControlledIK>
	<AutomaticIK>
		<IKBone ModelFrame="BonePistonBase" ParentFrame="BoneCabin_cdt">
			<IKJoint AxisLocal="(0; 0; 1)" Type="Hinge" />
			<IKBone
				AttachOffset="(0; 0; 0)"
				AttachToFrame="BoneShaft_cdt"
				ModelFrame="BonePiston"
			>
				<IKJoint AxisLocal="(1; 0; 0)" Type="Slider" />
			</IKBone>
		</IKBone>
		
		<IKBone ModelFrame="BoneFrontPistonL1_cdt" ParentFrame="BoneRoot_cdt">
			<IKJoint AxisLocal="(0; 1; 0)" Type="Hinge" />
			<IKBone
				AttachOffset="(0; 0; 0)"
				AttachToFrame="BoneFrontLegL_cdt"
				ModelFrame="BoneFrontPistonL2_cdt"
			>
				<IKJoint AxisLocal="(1; 0; 0)" Type="Slider" />
			</IKBone>
		</IKBone>
		
		<IKBone ModelFrame="BoneFrontPistonR1_cdt" ParentFrame="BoneRoot_cdt">
			<IKJoint AxisLocal="(0; 1; 0)" Type="Hinge" />
			<IKBone
				AttachOffset="(0; 0; 0)"
				AttachToFrame="BoneFrontLegR_cdt"
				ModelFrame="BoneFrontPistonR2_cdt"
			>
				<IKJoint AxisLocal="(1; 0; 0)" Type="Slider" />
			</IKBone>
		</IKBone>
		
		<IKBone ModelFrame="BoneRearPistonL1_cdt" ParentFrame="BoneRoot_cdt">
			<IKJoint AxisLocal="(0; 1; 0)" Type="Hinge" />
			<IKBone
				AttachOffset="(0; 0; 0)"
				AttachToFrame="BoneRearLegL_cdt"
				ModelFrame="BoneRearPistonL2_cdt"
			>
				<IKJoint AxisLocal="(1; 0; 0)" Type="Slider" />
			</IKBone>
		</IKBone>
		
		<IKBone ModelFrame="BoneFrontLegRotR_cdt" ParentFrame="BoneFrontLegRotR">
			<IKJoint AxisLocal="(0; 0; 1)" Type="Hinge" />
			<IKBone
				AttachOffset="(0; 0; 0)"
				AttachToFrame="BoneFrontRightAnchor_cdt"
				ModelFrame="BoneFrontRightAnchor"
			>
				<IKJoint AxisLocal="(0; 1; 0)" Type="Slider" />
			</IKBone>
		</IKBone>
		
		<IKBone ModelFrame="BoneFrontLegRotL_cdt" ParentFrame="BoneFrontLegRotL">
			<IKJoint AxisLocal="(0; 0; 1)" Type="Hinge" />
			<IKBone
				AttachOffset="(0; 0; 0)"
				AttachToFrame="BoneFrontLeftAnchor_cdt"
				ModelFrame="BoneFrontLeftAnchor"
			>
				<IKJoint AxisLocal="(0; 1; 0)" Type="Slider" />
			</IKBone>
		</IKBone>
		<IKBone ModelFrame="BoneRearLegRotR_cdt" ParentFrame="BoneRearLegRotR">
			<IKJoint AxisLocal="(0; 0; 1)" Type="Hinge" />
			<IKBone
				AttachOffset="(0; 0; 0)"
				AttachToFrame="BoneRearRightAnchor_cdt"
				ModelFrame="BoneRearRightAnchor"
			>
				<IKJoint AxisLocal="(0; 1; 0)" Type="Slider" />
			</IKBone>
		</IKBone>
		<IKBone ModelFrame="BoneRearLegRotL_cdt" ParentFrame="BoneRearLegRotL">
			<IKJoint AxisLocal="(0; 0; 1)" Type="Hinge" />
			<IKBone
				AttachOffset="(0; 0; 0)"
				AttachToFrame="BoneRearLeftAnchor_cdt"
				ModelFrame="BoneRearLeftAnchor"
			>
				<IKJoint AxisLocal="(0; 1; 0)" Type="Slider" />
			</IKBone>
		</IKBone>
		
		<IKBone ModelFrame="BoneRearPistonR1_cdt" ParentFrame="BoneRoot_cdt">
			<IKJoint AxisLocal="(0; 1; 0)" Type="Hinge" />
			<IKBone
				AttachOffset="(0; 0; 0)"
				AttachToFrame="BoneRearLegR_cdt"
				ModelFrame="BoneRearPistonR2_cdt"
			>
				<IKJoint AxisLocal="(1; 0; 0)" Type="Slider" />
			</IKBone>
		</IKBone>
		<IKBone ModelFrame="RollerRear" ParentFrame="BoneCabin_cdt">
			<IKJoint AxisLocal="(0; 0; 1)" Type="Hinge" />
			<IKBone
				AttachOffset="(0; 0; 0)"
				AttachToFrame="BoneShaft_cdt"
				ModelFrame="RollerRearEnd"
			>
				<IKJoint AxisLocal="(1; 0; 0)" Type="Slider" />
			</IKBone>
		</IKBone>
		<IKBone ModelFrame="RollerFront" ParentFrame="BoneCabin_cdt">
			<IKJoint AxisLocal="(0; 0; 1)" Type="Hinge" />
			<IKBone
				AttachOffset="(0; 0; 0)"
				AttachToFrame="BoneShaft_cdt"
				ModelFrame="RollerFrontEnd"
			>
				<IKJoint AxisLocal="(1; 0; 0)" Type="Slider" />
			</IKBone>
		</IKBone>
				<IKBone ModelFrame="BoneIKShaft" ParentFrame="BoneCabin_cdt">
				<IKJoint AxisLocal="(0; 0; 1)" Type="Hinge" />
				<IKBone
					AttachOffset="(0; 0; 0)"
					AttachToFrame="BoneShaft1_cdt"
					ModelFrame="BoneIKShaft1"
				>
					<IKJoint AxisLocal="(1; 0; 0)" Type="Slider" />
				</IKBone>
		</IKBone>
	</AutomaticIK>
	<AddonCamera
		FirstPersonDir="(1; 0; 0)"
		FirstPersonPos="(-5.75; 3.76; -3.8)"
		ParentFrame="BoneCabin_cdt"
	/>
</TruckAddon>