<TruckAddon _noinherit="true">
	<PhysicsModel Mesh="trucks/cargo/cargo_wing_02">
		<NetSync Legacy="false" />
		<Body Mass="500" ModelFrame="BonePlane1_cdt">
			<Constraint ExplicitParentFrame="0" Type="Fixed" />
			<Body Mass="500" ModelFrame="BonePlane2_cdt">
				<Constraint ExplicitParentFrame="1" Type="Fixed" />
				<Body Mass="500" ModelFrame="BonePlane3_cdt">
					<Constraint ExplicitParentFrame="2" Type="Fixed" />
					<Body Mass="500" ModelFrame="BonePlane4_cdt">
						<Constraint ExplicitParentFrame="3" Type="Fixed" />
					</Body>
				</Body>
			</Body>
		</Body>
	</PhysicsModel>
	<GameData>
		<Sounds
			InstallSound="cargo_manual/cargo_manual_container_large"
			TransportedSound="load/metal_large/metal_large_rnd"
			ManualSound="cargo_manual/cargo_manual_container_large"
		/>
		<InstallSlot
			CargoLength="4"
			CargoType="CargoWing2"
			CargoValue="1"
			Offset="(3.127; 0; 0)"
		/>
	</GameData>
</TruckAddon>
