<_templates Include="trucks" />
<TruckAddon>
	<TruckData AllWheelDriveInstalled="false">
		<Shafts>
			<Shaft PointBConnectedToAddon="true" SocketPointA="ShaftEngine" SocketPointB="ShaftTransferA" />
			<Shaft PointAConnectedToAddon="true" SocketPointA="ShaftTransferB" SocketPointB="ShaftRearWheel" />
		</Shafts>
	</TruckData>
	<PhysicsModel Mesh="trucks/gmc_8000_tuning/gmc_8000_transferbox_default">
		<Body ImpactType="Truck" Mass="40" ModelFrame="BoneCabin_cdt">
			<Constraint Type="Rigid" />
			<Body ImpactType="Truck" Mass="10" ModelFrame="BoneChassis_cdt">
				<Constraint ExplicitParentFrame="0" Type="Fixed" />
			</Body>
		</Body>
	</PhysicsModel>
	<GameData
		CameraPreset="hoods"
		Category="awd"
		Price="1500"
		UnlockByExploration="false"
		UnlockByRank="1"
	>
		<UiDesc
			UiDesc="UI_UPGRADE_TRANSFERBOX_NOAWD_DESC"
			UiIcon30x30=""
			UiIcon40x40=""
			UiName="UI_UPGRADE_TRANSFERBOX_NOAWD_NAME"
		/>
		<InstallSocket Type="Gmc8000TransferBox" />
	</GameData>
	<ExplicitParents>
		<ExplicitParent ExplicitParentFrame="1" Frame="BoneAxle1" />
	</ExplicitParents>
</TruckAddon>
