<_templates Include="trucks">
	<Body>
		<Anchor Collisions="None" Mass="200">
			<Constraint
				Name="AnchorExt"
				Type="Prismatic"
				MinLimit="0"
				MaxLimit="1"
			>
				<Motor Force="5000" Tau="0.3" Type="Position" />
			</Constraint>
			<Body Collisions="None" Mass="60">
				<Constraint
					AxisLocal="(0; 0; -1)"
					Type="Hinge"
					MinLimit="0"
					MaxLimit="179.9"
				>
					<Motor Force="2000" Type="Position" />
				</Constraint>
				<Body
					ForceBodyParams="true"
					Mass="150"
					NoFoliageCollisions="true"
				>
					<Constraint
						AxisLocal="(0; -1; 0)"
						Name="Anchor"
						Type="Prismatic"
						MinLimit="-2"
						MaxLimit="0"
					>
						<Motor Force="4000" Type="Position" />
					</Constraint>
				</Body>
			</Body>
		</Anchor>
	</Body>
</_templates>
<TruckAddon>
	<TruckData
		FuelCapacity="250"
		RepairsCapacity="450"
		WheelRepairsCapacity="4"
	/>
	<PoweredConstraints>
		<Chain Name="Anchors" ParentBodies="BoneLeftAnchorExt_cdt, BoneRightAnchorExt_cdt">
			<Group FoldingDelay="0.2" Id="anchors_extend">
				<Constraint
					InitialFix="true"
					Name="AnchorExt"
					TerminalFix="true"
					Position="1"
				/>
			</Group>
			<Group FoldingDelay="0.2" Id="anchors_position" UnfoldingDelay="0.2">
				<Constraint Name="RightAnchorBase" InitialFix="true" TerminalFix="true" Position="179.9" />
				<Constraint Name="LeftAnchorBase" InitialFix="true" TerminalFix="true" Position="179.9" />
			</Group>
			<Group FoldingDelay="0.2" Id="anchors_push" UnfoldingDelay="0.2">
				<Constraint Name="Anchor" InitialFix="true" TerminalFix="true" Position="-1" />
			</Group>
		</Chain>
	</PoweredConstraints>
	<PhysicsModel Mesh="trucks/addons/frame_addon_heavy_repair_mastadon">
		<NetSync Legacy="true" />
		<Body ImpactType="Truck" Mass="5000">
			<Constraint Type="Fixed" />
			<Body Mass="3000" ModelFrame="BoneCrane_cdt">
				<Constraint Type="Fixed" />
				<Body Mass="800" ModelFrame="BoneRotationBase_cdt">
					<Constraint
						AxisLocal="(0; 1; 0)"
						Name="Crane"
						Type="Hinge"
						MinLimit="-350"
						MaxLimit="350"
					>
						<Motor Force="80000" Tau="0.5" Type="Position" />
					</Constraint>
					<Body
						CenterOfMassOffset="(0; 0; 0)"
						Mass="550"
						Collisions="Internal"
						ModelFrame="BoneArm1_cdt"
					>
						<Constraint
							AxisLocal="(1; 0; 0)"
							Name="Arm1"
							Type="Hinge"
							MinLimit="0"
							MaxLimit="110"
						>
							<Motor Force="1500000" Tau="0.7" Type="Position" />
						</Constraint>
						<Body Collisions="All" Mass="450" ModelFrame="BoneArm2_cdt">
							<Constraint
								AxisLocal="(1; 0; 0)"
								Name="Arm2"
								Type="Hinge"
								MinLimit="0"
								MaxLimit="100"
							>
								<Motor Force="1500000" Tau="0.7" Type="Position" />
							</Constraint>
							<Body Collisions="All" Mass="400" ModelFrame="BoneArmExt1_cdt">
								<Constraint
									AxisLocal="(0; 1; 0)"
									Name="ArmExt"
									Type="Prismatic"
									MinLimit="0"
									MaxLimit="1.7"
								>
									<Motor Force="60000" Tau="0.6" Type="Position" />
								</Constraint>
								<Body Collisions="All" Mass="900" ModelFrame="BoneArmExt2_cdt">
								<Constraint
									AxisLocal="(0; 1; 0)"
									Name="ArmExt"
									Type="Prismatic"
									MinLimit="0"
									MaxLimit="1.7"
								>
									<Motor Force="60000" Tau="0.7" Type="Position" />
								</Constraint>
							</Body>
							</Body>
						</Body>
					</Body>
				</Body>
				<Body _template="Anchor" ModelFrame="BoneLeftAnchorExt_cdt">
					<Constraint AxisLocal="(0; 0; 1)" />
					<Body ModelFrame="BoneLeftAnchorRot_cdt">
						<Constraint Name="LeftAnchorBase" />
						<Body ModelFrame="BoneLeftAnchor_cdt" />
					</Body>
				</Body>
				<Body _template="Anchor" ModelFrame="BoneRightAnchorExt_cdt">
					<Constraint AxisLocal="(0; 0; -1)" />
					<Body ModelFrame="BoneRightAnchorRot_cdt">
						<Constraint Name="RightAnchorBase" />
						<Body ModelFrame="BoneRightAnchor_cdt" />
					</Body>
				</Body>
			</Body>
		</Body>
	</PhysicsModel>
	<GameData
		CameraPreset="addon_1"
		Category="frame_addons"
		IsCustomizable="true"
		Price="5700"
		UnlockByExploration="false"
		UnlockByRank="1"
	>
		<UiDesc
			UiDesc="UI_ADDON_FRAME_HEAVY_REPAIR_DESC"
			UiIcon30x30=""
			UiIcon40x40=""
			UiName="UI_ADDON_FRAME_HEAVY_REPAIR_NAME"
		/>
		<SoundPoweredGroupStart Name="" Range="20" Volume="1" />
		<SoundPoweredGroupLoop Name="addons/addon_tatra_crane/addon_tatra_crane_legs_loop" Range="20" Volume="1" />
		<SoundPoweredGroupStop Name="addons/addon_tatra_crane/addon_tatra_crane_legs_stop" Range="20" Volume="1" />

		<SoundOpenStart Name="addons/addon_tatra_crane/addon_tatra_crane_open_start" Range="20" Volume="1" />
		<SoundOpenLoop Name="addons/addon_tatra_crane/addon_tatra_crane_open_loop" Range="20" Volume="1" />
		<SoundOpenStop Name="addons/addon_tatra_crane/addon_tatra_crane_open_stop" Range="20" Volume="1" />

		<SoundIKStart Name="addons/addon_tatra_crane/addon_tatra_crane_move_start" Range="20" Volume="1" />
		<SoundIKLoop Name="addons/addon_tatra_crane/addon_tatra_crane_move_loop" Range="20" Volume="1" />
		<SoundIKStop Name="addons/addon_tatra_crane/addon_tatra_crane_move_stop" Range="20" Volume="1" />
		
		<SoundClose Name="addons/addon_tatra_crane/addon_tatra_crane_restore" Range="20" Volume="1" />
		
		<InstallSocket Offset="(0; 0; 0)" Type="HeavyRepair" />
		<CraneSourceSocket Pos="(0.486; 1.699; 1.037)" ParentFrame="BoneArmExt2_cdt" />
		<AddonSlots InitialOffset="(-2.073; 0.288; 0.000)"  Quantity="1" />
		<AddonType Name="Crane" /> 
	</GameData>
	<ControlledIK
		CoeffEndMovementSpeedOY="1"
		CoeffEndMovementSpeedOYWithLoad="0.5"
		CoeffEndMovementSpeedXZ="1"
		CoeffEndMovementSpeedXZWithLoad="0.5"
	>
		<Chain EndOffset="(0.1; 0; 0)" ModelFrames="BoneCrane_cdt,BoneRotationBase_cdt,BoneArm1_cdt,BoneArm2_cdt,BoneArmExt1_cdt,BoneArmExt2_cdt">
			<ConstraintStartPosition Name="Arm1" SpeedMult="0.4" Value="100" />
			<ConstraintStartPosition Name="Arm2" SpeedMult="0.3" StartDelay="1" Value="100" />
		</Chain>
	</ControlledIK>
	<AutomaticIK>
		<IKBone ModelFrame="BoneRightAnchorRot" ParentFrame="BoneRightAnchorRot_cdt">
			<IKJoint AxisLocal="(0; 1; 0)" Type="Hinge2" />
			<IKBone
				AttachOffset="(0; 0; 0)"
				AttachToFrame="BoneRightAnchor_cdt"
				ModelFrame="BoneRightAnchor"
			>
				<IKJoint AxisLocal="(0; 1; 0)" Type="Slider" />
			</IKBone>
		</IKBone>	
		<IKBone ModelFrame="BoneLeftAnchorRot" ParentFrame="BoneLeftAnchorRot_cdt">
			<IKJoint AxisLocal="(0; 1; 0)" Type="Hinge2" />
			<IKBone
				AttachOffset="(0; 0; 0)"
				AttachToFrame="BoneLeftAnchor_cdt"
				ModelFrame="BoneLeftAnchor"
			>
				<IKJoint AxisLocal="(0; 1; 0)" Type="Slider" />
			</IKBone>
		</IKBone>
		
		
		<IKBone ModelFrame="BoneArm2" ParentFrame="BoneArm2_cdt">
			<IKJoint AxisLocal="(0; 1; 0)" Type="Hinge2" />
			<IKBone
				AttachOffset="(0; 0; 0)"
				AttachToFrame="BoneArmExt1_cdt"
				ModelFrame="BoneArmExt1"
			>
				<IKJoint AxisLocal="(0; 1; 0)" Type="Slider" />
			</IKBone>
		</IKBone>
		<IKBone ModelFrame="BoneArmExt1_1" ParentFrame="BoneArmExt1_cdt">
			<IKJoint AxisLocal="(0; 1; 0)" Type="Hinge2" />
			<IKBone
				AttachOffset="(0; 0; 0)"
				AttachToFrame="BoneArmExt2_cdt"
				ModelFrame="BoneArmExt2"
			>
				<IKJoint AxisLocal="(0; 1; 0)" Type="Slider" />
			</IKBone>
		</IKBone>
		
		<IKBone ModelFrame="BoneIK1" ParentFrame="BoneRotationBase_cdt">
			<IKJoint AxisLocal="(1; 0; 0)" Type="Hinge" />
			<IKBone
				AttachOffset="(0; 0; 0)"
				AttachToFrame="BoneArm1_cdt"
				ModelFrame="BoneIK1_end"
			>
				<IKJoint AxisLocal="(0; 1; 0)" Type="Slider" />
			</IKBone>
		</IKBone>
		<IKBone ModelFrame="BoneIK2" ParentFrame="BoneRotationBase_cdt">
			<IKJoint AxisLocal="(1; 0; 0)" Type="Hinge" />
			<IKBone
				AttachOffset="(0; 0; 0)"
				AttachToFrame="BoneArm1_cdt"
				ModelFrame="BoneIK2_end"
			>
				<IKJoint AxisLocal="(0; 1; 0)" Type="Slider" />
			</IKBone>
		</IKBone>
		<IKBone ModelFrame="BoneIK3" ParentFrame="BoneArm1_cdt">
			<IKJoint AxisLocal="(1; 0; 0)" Type="Hinge" />
			<IKBone
				AttachOffset="(0; 0; 0)"
				AttachToFrame="BoneArm2_cdt"
				ModelFrame="BoneIK3_end"
			>
				<IKJoint AxisLocal="(0; 1; 0)" Type="Slider" />
			</IKBone>
		</IKBone>
	</AutomaticIK>
	<AddonCamera
		FirstPersonDir="(1; -0.32; 0)"
		FirstPersonPos="(0.75; 3.76; 0.8)"
		ParentFrame="BoneRotationBase_cdt"
	/>
</TruckAddon>
