<_templates Include="trucks" />
<TruckAddon>
	<PhysicsModel Mesh="trucks/azov_670963n_tuning/azov_670963n_spot_light_1">
		<Body ImpactType="Truck" Mass="30" ModelFrame="BoneCabin_cdt">
			<Constraint Type="Rigid" />
		</Body>
	</PhysicsModel>
	<ModelAttachments>
		<HeadLight>
			<Model _template="HeadLightRay" Org="(5.342; 3.574; -0.651)" />
			<Model _template="HeadLightRay" Org="(5.342; 3.574; 0.651)" />
			<Flare _template="HeadLight" Color="g(255; 235; 205) x 0.45" DirAngle="135" Size=".4" Pos="(5.346; 3.574; -0.714)" />
			<Flare _template="HeadLight" Color="g(255; 235; 205) x 0.45" DirAngle="135" Size=".4" Pos="(5.346; 3.574; -0.588)" />
			<Flare _template="HeadLight" Color="g(255; 235; 205) x 0.45" DirAngle="135" Size=".4" Pos="(5.346; 3.574; 0.714)" />
			<Flare _template="HeadLight" Color="g(255; 235; 205) x 0.45" DirAngle="135" Size=".4" Pos="(5.346; 3.574; 0.588)" />
		</HeadLight>
	</ModelAttachments>
	<MainHeadLight _template="Multiply1" />
	<GameData
		CameraPreset="roof"
		Category="top"
		IsCustomizable="true"
		Price="1200"
		UnlockByExploration="false"
		UnlockByRank="1"
	>
		<UiDesc
			UiDesc="UI_TUNING_ROOFBAR_FOGLIGHTS_DESC"
			UiIcon30x30=""
			UiIcon40x40=""
			UiName="UI_TUNING_ROOFBAR_FOGLIGHTS_NAME"
		/>
		<InstallSocket Type="Azov670963nSpotlight" />
	</GameData>
</TruckAddon>