<_templates Include="trucks">
	<Wheel>
		<RearAxle
			Location="rear"
			SteeringAngle="-5"
			Torque="default"
			ConnectedToHandbrake="true"
			ParentFrame="BoneChassis_cdt"
		/>
		<FrontAxle
			Location="front"
			SteeringAngle="24"
			Torque="full"
			ConnectedToHandbrake="true"
			ParentFrame="BoneChassis_cdt"
		/>
	</Wheel>
	<Body>
		<SideMirror Collisions="None" Mass="5">
			<Constraint
				AxisLocal="(0; 1; 0)"
				Type="Hinge"
				MinLimit="-2"
				MaxLimit="2"
			>
				<Motor Damping="30" Spring="1000" Type="Spring" />
			</Constraint>
		</SideMirror>
	</Body>
</_templates>
<Truck>
	<TruckData
		BackSteerSpeed="0.02"
		DiffLockType="Installed"
		EngineIconMesh="env/engine_futom_7290ra"
		EngineIconScale="1"
		EngineStartDelay="0.6"
		ExhaustStartTime="0.6"
		FuelCapacity="400"
		Responsiveness="0.4"
		SteerSpeed="0.015"
		TruckImage="futom5000mchr"
		TruckType="HEAVY"
	>
		<WinchUpgradeSocket Default="w_heavy_trucks_default" IsUpgradable="true" Type="winches_heavy_trucks" />
		<Wheels
			DefaultRim="rim"
			DefaultTire="tire"
			DefaultWheelType="wheels_futom_7290ra"
		>
			<Wheel _template="FrontAxle" Pos="(1.423; 1.019; 1.233)" />
			<Wheel _template="FrontAxle" RightSide="true" Pos="(1.423; 1.019; 1.233)" />
			<Wheel _template="RearAxle" Pos="(-2.177; 1.019; 1.233)" />
			<Wheel _template="RearAxle" RightSide="true" Pos="(-2.177; 1.019; 1.233)" />
		</Wheels>
		<SuspensionSocket
			Default="futom_7290ra_suspension_default"
			Type="s_futom_7290ra"
			MaxWheelRadiusWithoutSuspension="1"
		/>
		<SteeringWheel Frame="BoneSteering" />
		<SteeringRack Frame="BoneRack" FrameSteerLeft="BoneRackLeft" FrameSteerRight="BoneRackRight" RackHalfSizeZ="0.679" />
		<SteeringRack Frame="BoneRackRear" FrameSteerLeft="BoneRackRearLeft" FrameSteerRight="BoneRackRearRight" RackHalfSizeZ="0.679" />
		<Steam Origin="(2.073; 2.1; 0)" />
		<SoundsWheels _template="Default" />
		<SoundsDamage _template="Heavy" />
		<Sounds
			_template="Default"
			DisableReversePitch="true"
			MinDist="15.0"
			Origin="(0; 0; 0)"
			ParentFrame="BoneChassis_cdt"
		>
			<Reverse		_inheritRemove="true" />
			<EngineTrans	Sound="" />
			<BrakeRelease	Sound="trucks/common/truck_brake_release_alt2_rnd_set/truck_brake_release_alt2_rnd" />
			<Reverse		Sound="trucks/futom_7290ra/futom_7290ra_back_beeper" />
			<BrakesSqueal	Sound="trucks/futom_7290ra/futom_7290ra_brakes_squeal" />
			<Handbrake		Sound="trucks/futom_7290ra/futom_7290ra_handbrake_on" />
			<HandbrakeOff	Sound="trucks/futom_7290ra/futom_7290ra_handbrake_off" />
			<Honk			Sound="trucks/futom_7290ra/futom_7290ra_honk" />
			<EngineRev		Sound="" />
			<EngineAccel	Sound="trucks/futom_7290ra/futom_7290ra_acc" />
			<EngineStart	Sound="trucks/futom_7290ra/futom_7290ra_start" />
			<EngineStop		Sound="trucks/futom_7290ra/futom_7290ra_stop" />
			<EngineIdle		Sound="trucks/futom_7290ra/futom_7290ra_idle" />
			<EngineIdle_2d	Sound="trucks/futom_7290ra/futom_7290ra_idle_2d"	IsSound2D="true" />
			<EngineLow		Sound="trucks/futom_7290ra/futom_7290ra_low" />
			<EngineLow_2d	Sound="trucks/futom_7290ra/futom_7290ra_low_2d"	IsSound2D="true" />
			<EngineHigh		Sound="trucks/futom_7290ra/futom_7290ra_high" />
			<EngineHigh_2d	Sound="trucks/futom_7290ra/futom_7290ra_high_2d"	IsSound2D="true" />
			<EngineHeavy	Sound="" />
			<EngineHeavy_2d	Sound=""	IsSound2D="true" />
			<AbruptStop		Sound="trucks/common/truck_swing_big_rnd_set/truck_swing_big_rnd" />
		</Sounds>
		<Shakers>
			<Shaker Frame="BoneExhaust" MinAngle="(0.2; 0.2; 0.2)" MaxAngle="(0.4; 0.4; 0.4)" MaxFrequency="5" />
		</Shakers>
		<Shafts>
			<Shaft SocketPointA="Shaft1a" SocketPointB="Shaft1b" />
			<Shaft SocketPointA="Shaft2a" SocketPointB="Shaft2b" />
			<Shaft SocketPointA="Shaft3a" SocketPointB="Shaft3b" />
		</Shafts>
		<OcclusionMap
			HalfSizeZ="2.1"
			MinX="-3.2"
			MaxX="3"
			ParentFrame="BoneChassis_cdt"
		/>
		<LimitedFluid
			Center="(-0.767; 1.539; 1.024)"
			SizeX="0.304"
			SizeY="1.04"
			SizeZ="0.269"
			Type="Box"
			ParentFrame="BoneChassis_cdt"
		/>
		<LimitedFluid
			Center="(-0.049; 1.539; 1.024)"
			SizeX="0.304"
			SizeY="1.04"
			SizeZ="0.269"
			Type="Box"
			ParentFrame="BoneChassis_cdt"
		/>
		<LimitedFluid
			Center="(-0.408; 1.539; 0.932)"
			SizeX="0.413"
			SizeY="1.04"
			SizeZ="0.086"
			Type="Box"
			ParentFrame="BoneChassis_cdt"
		/>
		<Intake
			Dir="(1; 0; 0)"
			Origin="(3.485; 1.858; 0)" 
			Size="2"
		/>
		<GearboxSocket Default="g_special_default" Type="gearboxes_special" />
		<FuelTank DamageCapacity="120" />
		<Exhaust
			Dir="(0; 0; -1)"
			IsLight="true"
			Origin="(-0.825; 2.110; -1.3)"
			Speed="3.00"
			ParentFrame="BoneChassis_cdt"
		/>
		<Driver Pos="(-0.34; 2.68; 0)" LegsOffset="(-0.01; 0.03; 0)" SteeringWheelPos="(0.043; 2.995; 0)" ParentFrame="BoneCabinRagdoll_cdt" />
		<Dashboard>
			<Gauge Damping="0.98" Dir="(-0.660;0.342;0.669)" InputRange="(0;1)" InputType="fuel" Mesh="trucks/arrows/futom_7290ra_arrow_01" Org="(0.136; 3.091; -0.512)" OutputAngles="(-102; 139)" />
			<Gauge Damping="0.99" Dir="(-0.660;0.342;0.669)" InputRange="(0;1)" InputType="engineEnabled" Mesh="trucks/arrows/futom_7290ra_arrow_01" Org="(0.176; 3.080; -0.467)" OutputAngles="(-180; -70)" />
			<Gauge Damping="0.99" Dir="(-0.660;0.342;0.669)" InputRange="(0;1)" InputType="engineEnabled" Mesh="trucks/arrows/futom_7290ra_arrow_01" Org="(0.089; 3.080; -0.552)" OutputAngles="(0; 100)" />
		</Dashboard>
		<Damage>
			<DamageArea Type="Engine" Min="(0.971; 1.235; -0.513)" Max="(3.389; 2.314; 0.513)"/>
			<DamageArea Type="FuelTank" Min="(-0.916; 0.767; 0.877)" Max="(0.094; 2.015; 1.227)" ParentFrame="BoneChassis_cdt" />
		</Damage>
		<EngineSocket Default="us_futom_7290ra_engine_0" Type="e_us_futom_7290ra_special" />
		<CompatibleWheels Scale="1" Type="wheels_futom_7290ra" />
		<CompatibleWheels OffsetZ=".48" Scale="1" Type="wheels_extend_futom_7290ra" />
		<CompatibleWheels Scale="1" Type="wheels_superheavy_single" />
		<CompatibleWheels Scale="1" Type="wheels_superheavy_mudtires" />
		<Camera Center="(-1.3; 0; 0)" RadiusMultiplier="1.1">
			<Cockpit
				_template="Default"
				WindshieldDiffuseTexture="trucks/futom_7290ra_glass__d_a.tga"
				WindshieldShadingTexture="trucks/futom_7290ra_glass__sh_d.tga"
				LimitsVer="(-0.35; 0.35)"
				ViewPos="(-0.41; 3.36; 0)"
			>
				<Rear _inheritRemove="true" />
				
				<Mirror
					ClipDir="(-1; -0.18; 0.3)"
					ClipOffset="1"
					FOVScale="1.2"
					MeshFrame="hp_cab_mirror"
					Size="(0.19; 0.145)"
					Pos="(0.215; 3.538; -0.595)"
					CurveAngle="35" 
				/>			
				<Mirror
					ClipDir="(-1; -0.05; -0.43)"
					ClipOffset="0.1"
					FOVScale="1.8"
					MeshFrame="mirror_left"
					Size="(0.23; 0.46)"
					Pos="(0.676; 3.344; 1.450)"
				>
					<SecondaryView
						ClipDir="(-1; -0.05; -0.43)"
						ClipOffset="0.1"
						CurveAngle="20"
						FOVScale="1.5"
						MeshFrame="mirror_left_convex"
						Size="(0.235; 0.16)"
						Pos="(0.646; 2.976; 1.449)"
					/>
				</Mirror>
				
				<Mirror
					ClipDir="(-1; -0.05; 0.43)"
					ClipOffset="0.1"
					FOVScale="1.8"
					MeshFrame="mirror_right"
					Size="(0.23; 0.46)"
					Pos="(0.676; 3.344; -1.450)"
				>
					<SecondaryView
						ClipDir="(-1; -0.05; 0.43)"
						ClipOffset="0.1"
						CurveAngle="20"
						FOVScale="1.5"
						MeshFrame="mirror_right_convex"
						Size="(0.235; 0.16)"
						Pos="(0.646; 2.976; -1.449)"
					/>
				</Mirror>
			</Cockpit>
		</Camera>
		<Axles>
			<Axle Frame="BoneAxle1" />
			<Axle Frame="BoneAxle2" />
		</Axles>
	</TruckData>
	<Snorkel Origin="(2.011; 2.432; 0)" ParentFrame="BoneChassis_cdt" />
	<Rotator
		EngineTorqueFactor="0"
		Frame="BoneRotatorL"
		RotationSpeed="4"
	/>
	<Rotator
		EngineTorqueFactor="0"
		Frame="BoneRotatorR"
		RotationSpeed="3.8"
	/>
	<PhysicsModel Mesh="trucks/futom_7290ra">
		<NetSync Legacy="false" />
		<Body
			CenterOfMassOffset="(-0.5; -0.3; 0)"
			ImpactType="Truck"
			Mass="16500"
			ModelFrame="BoneChassis_cdt"
			NetSync="pv"
		>
			<Body
				ImpactType="Truck"
				Mass="1000"
				ModelFrame="BoneCabinRagdoll_cdt"
				NetSync="pv"
			>
				<Constraint
					Cone="10"
					PlaneAxisLocal="(0; 0; 1)"
					TwistAxisLocal="(0; 1; 0)"
					Type="Ragdoll"
					PlaneMin="-10"
					PlaneMax="10"
				>
					<PlaneMotor Damping="75000" Spring="850000" Type="Spring" />
					<ConeMotor Damping="75000" Spring="850000" Type="Spring" />
				</Constraint>
			
				<Body ModelFrame="BoneCabSeat_cdt" Collisions="None" Mass="3">
					<Constraint
						AxisLocal="(0; 0; 1)"
						Type="Hinge"
						MinLimit="-2"
						MaxLimit="2"
					>
						<Motor Damping="2" Spring="10" Type="Spring" />
					</Constraint>
				</Body>
				<Body ModelFrame="BoneCabHandle_cdt" Collisions="None" Mass="3">
					<Constraint
						AxisLocal="(0; 0; 1)"
						Type="Hinge"
						MinLimit="-1"
						MaxLimit="1"
					>
						<Motor Damping="0.3" Spring="30" Type="Spring" />
					</Constraint>
				</Body>
				<Body ModelFrame="BoneCabMirror_cdt" Collisions="None" Mass="3">
					<Constraint
						Type="Fixed"
						LinearLimitsY="(-0.005; 0.005)"
						LinearLimitsZ="(-0.001; 0.001)"
					>
						<Motor Damping="50" Spring="3000" Type="Spring" />
					</Constraint>
				</Body>
				<Body Mass="1" ModelFrame="BoneWiperR_cdt">
					<Constraint
						AxisLocal="(0; 0; 1)"
						Type="Hinge"
						MinLimit="-0.2"
						MaxLimit="0.2"
					>
						<Motor Damping="0.001" Spring="1" Type="Spring" />
					</Constraint>
				</Body>
				<Body Mass="1" ModelFrame="BoneWiperL_cdt">
					<Constraint
						AxisLocal="(0; 0; 1)"
						Type="Hinge"
						MinLimit="-0.2"
						MaxLimit="0.2"
					>
						<Motor Damping="0.001" Spring="1" Type="Spring" />
					</Constraint>
				</Body>
				<Body Mass="1" ModelFrame="BoneWiperRear_cdt">
					<Constraint
						AxisLocal="(1; 0; 0)"
						Type="Hinge"
						MinLimit="-0.2"
						MaxLimit="0.2"
					>
						<Motor Damping="0.001" Spring="1" Type="Spring" />
					</Constraint>
				</Body>
				<Body _template="SideMirror" ModelFrame="BoneMirrorRight_cdt" />
				<Body _template="SideMirror" ModelFrame="BoneMirrorLeft_cdt" />
				
			</Body>
			<Body
				ImpactType="Truck"
				Mass="100"
				ModelFrame="BoneCoupler_cdt"
				NetSync="pv"
				ExplicitParentFrame="0"
			>
				<Constraint Type="Fixed" />
			</Body>
			<Body _template="TieRod" ModelFrame="BoneTieRod1_cdt">
				<Constraint
					Type="Prismatic"
					AxisLocal="(0; 0; -1)"
					Name="TieRodSteer"
					MinLimit="-0.0835"
					MaxLimit="0.0835"
				/>
			</Body>
			<Body _template="TieRod" ModelFrame="BoneTieRod2_cdt">
				<Constraint
					Type="Prismatic"
					AxisLocal="(0; 0; -1)"
					Name="TieRodSteer2"
					MinLimit="-0.0835"
					MaxLimit="0.0835"
				/>
			</Body>
		</Body>
	</PhysicsModel>
	<ModelAttachments>
		<ReverseSignals>
			<Light _template="ReverseSignal" Pos="(-3.5; 0.7; 0)" ParentFrame="BoneChassis_cdt" />
			<Flare _template="ReverseSignal" Size="0.4" Pos="(-2.753; 2.249; 1.038)" ParentFrame="BoneChassis_cdt" />
			<Flare _template="ReverseSignal" Size="0.4" Pos="(-2.753; 2.249; -1.038)" ParentFrame="BoneChassis_cdt" />
			
			<Flare _template="IgnitionSignalWhite" Color="g(102; 102; 102) x 0.8" Dir="(-1; 0; 0)" Size="0.2" Pos="(-0.969; 3.777; 0.734)" ParentFrame="BoneCabinRagdoll_cdt" />
			<Flare _template="IgnitionSignalWhite" Color="g(102; 102; 102) x 0.8" Dir="(-1; 0; 0)" Size="0.2" Pos="(-1.020; 3.775; 0.608)" ParentFrame="BoneCabinRagdoll_cdt" />
			<Flare _template="IgnitionSignalWhite" Color="g(102; 102; 102) x 0.8" Dir="(-1; 0; 0)" Size="0.2" Pos="(-1.036; 3.773; 0.477)" ParentFrame="BoneCabinRagdoll_cdt" />
			<Flare _template="IgnitionSignalWhite" Color="g(102; 102; 102) x 0.8" Dir="(-1; 0; 0)" Size="0.2" Pos="(-0.969; 3.777; -0.734)" ParentFrame="BoneCabinRagdoll_cdt" />
			<Flare _template="IgnitionSignalWhite" Color="g(102; 102; 102) x 0.8" Dir="(-1; 0; 0)" Size="0.2" Pos="(-1.020; 3.775; -0.608)" ParentFrame="BoneCabinRagdoll_cdt" />
			<Flare _template="IgnitionSignalWhite" Color="g(102; 102; 102) x 0.8" Dir="(-1; 0; 0)" Size="0.2" Pos="(-1.036; 3.773; -0.477)" ParentFrame="BoneCabinRagdoll_cdt" />
		</ReverseSignals>
		<StopSignals>
			<Light _template="StopSignal" Pos="(-3.5; 1.323; 0)" ParentFrame="BoneChassis_cdt" />
			<Flare _template="StopSignal" Pos="(-2.753; 2.249; 1.236)" ParentFrame="BoneChassis_cdt" />
			<Flare _template="StopSignal" Pos="(-2.753; 2.249; -1.236)" ParentFrame="BoneChassis_cdt" />
		</StopSignals>
		<Ignition>
			<!-- front -->
			<Flare _template="IgnitionSignalWhite" Color="g(255; 235; 200) x 0.25" Dir="(1; 0; 0)" Size="0.3" Pos="(1.090; 3.755; -0.698)" ParentFrame="BoneCabinRagdoll_cdt" />
			<Flare _template="IgnitionSignalWhite" Color="g(255; 235; 200) x 0.25" Dir="(1; 0; 0)" Size="0.3" Pos="(1.090; 3.757; -0.480)" ParentFrame="BoneCabinRagdoll_cdt" />
			<Flare _template="IgnitionSignalWhite" Color="g(255; 235; 200) x 0.25" Dir="(1; 0; 0)" Size="0.3" Pos="(1.090; 3.755; 0.698)" ParentFrame="BoneCabinRagdoll_cdt" />
			<Flare _template="IgnitionSignalWhite" Color="g(255; 235; 200) x 0.25" Dir="(1; 0; 0)" Size="0.3" Pos="(1.090; 3.757; 0.480)" ParentFrame="BoneCabinRagdoll_cdt" />
			
			<Flare _template="IgnitionSignalWhite" Color="g(255; 235; 200) x 0.2" Dir="(1; 0; 0)" Size="0.2" Pos="(0.741; 3.344; 0.906)" ParentFrame="BoneCabinRagdoll_cdt" />
			<Flare _template="IgnitionSignalWhite" Color="g(255; 235; 200) x 0.2" Dir="(1; 0; 0)" Size="0.2" Pos="(0.581; 2.708; 0.906)" ParentFrame="BoneCabinRagdoll_cdt" />
			<Flare _template="IgnitionSignalWhite" Color="g(255; 235; 200) x 0.2" Dir="(1; 0; 0)" Size="0.2" Pos="(0.741; 3.344; -0.906)" ParentFrame="BoneCabinRagdoll_cdt" />
			<Flare _template="IgnitionSignalWhite" Color="g(255; 235; 200) x 0.2" Dir="(1; 0; 0)" Size="0.2" Pos="(0.581; 2.708; -0.906)" ParentFrame="BoneCabinRagdoll_cdt" />
			
			<Flare _template="IgnitionSignalWhite" Color="g(255; 235; 200) x 0.2" Dir="(1; 0; 0)" Size="0.2" Pos="(3.335; 1.325; 1.124)" ParentFrame="BoneChassis_cdt" />
			<Flare _template="IgnitionSignalWhite" Color="g(255; 235; 200) x 0.2" Dir="(1; 0; 0)" Size="0.2" Pos="(3.342; 1.163; 1.124)" ParentFrame="BoneChassis_cdt" />
			<Flare _template="IgnitionSignalWhite" Color="g(255; 235; 200) x 0.2" Dir="(1; 0; 0)" Size="0.2" Pos="(3.335; 1.325; -1.124)" ParentFrame="BoneChassis_cdt" />
			<Flare _template="IgnitionSignalWhite" Color="g(255; 235; 200) x 0.2" Dir="(1; 0; 0)" Size="0.2" Pos="(3.342; 1.163; -1.124)" ParentFrame="BoneChassis_cdt" />
			
			<Flare _template="IgnitionSignalWhite" Color="g(255; 235; 200) x 0.25" Dir="(1; 0; 0)" Size="0.3" Pos="(3.162; 2.153; -0.614)" ParentFrame="BoneChassis_cdt" />
			<Flare _template="IgnitionSignalWhite" Color="g(255; 235; 200) x 0.2" Dir="(1; 0; 0)" Size="0.25" Pos="(3.195; 2.012; -0.663)" ParentFrame="BoneChassis_cdt" />
			<Flare _template="IgnitionSignalWhite" Color="g(255; 235; 200) x 0.2" Dir="(1; 0; 0)" Size="0.25" Pos="(3.266; 1.987; -0.580)" ParentFrame="BoneChassis_cdt" />
			<Flare _template="IgnitionSignalWhite" Color="g(255; 235; 200) x 0.25" Dir="(1; 0; 0)" Size="0.3" Pos="(3.162; 2.153; 0.614)" ParentFrame="BoneChassis_cdt" />
			<Flare _template="IgnitionSignalWhite" Color="g(255; 235; 200) x 0.2" Dir="(1; 0; 0)" Size="0.25" Pos="(3.195; 2.012; 0.663)" ParentFrame="BoneChassis_cdt" />
			<Flare _template="IgnitionSignalWhite" Color="g(255; 235; 200) x 0.2" Dir="(1; 0; 0)" Size="0.25" Pos="(3.266; 1.987; 0.580)" ParentFrame="BoneChassis_cdt" />
			
			<!-- back -->
			<Flare _template="IgnitionSignalWhite" Color="g(255; 235; 200) x 0.2" Dir="(-1; 0; 0)" Size="0.2" Pos="(-0.969; 3.777; 0.734)" ParentFrame="BoneCabinRagdoll_cdt" />
			<Flare _template="IgnitionSignalWhite" Color="g(255; 235; 200) x 0.2" Dir="(-1; 0; 0)" Size="0.2" Pos="(-1.020; 3.775; 0.608)" ParentFrame="BoneCabinRagdoll_cdt" />
			<Flare _template="IgnitionSignalWhite" Color="g(255; 235; 200) x 0.2" Dir="(-1; 0; 0)" Size="0.2" Pos="(-1.036; 3.773; 0.477)" ParentFrame="BoneCabinRagdoll_cdt" />
			<Flare _template="IgnitionSignalWhite" Color="g(255; 235; 200) x 0.2" Dir="(-1; 0; 0)" Size="0.2" Pos="(-0.969; 3.777; -0.734)" ParentFrame="BoneCabinRagdoll_cdt" />
			<Flare _template="IgnitionSignalWhite" Color="g(255; 235; 200) x 0.2" Dir="(-1; 0; 0)" Size="0.2" Pos="(-1.020; 3.775; -0.608)" ParentFrame="BoneCabinRagdoll_cdt" />
			<Flare _template="IgnitionSignalWhite" Color="g(255; 235; 200) x 0.2" Dir="(-1; 0; 0)" Size="0.2" Pos="(-1.036; 3.773; -0.477)" ParentFrame="BoneCabinRagdoll_cdt" />
			
			<Flare _template="IgnitionSignalRed" Color="g(255; 0; 0) x 0.3" Dir="(-1; 0; 0)" Size="0.3" Pos="(-2.753; 2.249; 1.236)" ParentFrame="BoneChassis_cdt" />
			<Flare _template="IgnitionSignalRed" Color="g(255; 0; 0) x 0.3" Dir="(-1; 0; 0)" Size="0.3" Pos="(-2.753; 2.249; -1.236)" ParentFrame="BoneChassis_cdt" />
			
			<Light
				_template="IgnitionSignalWhite"
				Dir="(1; 0.014; 0)"
				Pos="(3.3; 1.433; 0)"
				ParentFrame="BoneChassis_cdt"
			/>
		</Ignition>
		<Ignition _template="Flasher">
			<Model Dir="(-0.796; 0.222; 0.563)" Org="(0.792; 3.735; 0.998)" ParentFrame="BoneRotatorL" />
			<Light Dir="(-0.796; 0.222; 0.563)" Pos="(0.792; 3.735; 0.998)" ParentFrame="BoneRotatorL" />
			<Flare Dir="(-0.796; 0.222; 0.563)" Pos="(0.792; 3.735; 0.998)" ParentFrame="BoneRotatorL" />
			<Flare Dir="(-0.796; 0.222; 0.563)" Pos="(0.792; 3.735; 0.998)" ParentFrame="BoneRotatorL" />
			<Flare Pos="(0.792; 3.735; 0.998)" ParentFrame="BoneRotatorL" />
		</Ignition>
		<Ignition _template="Flasher">			
			<Model Dir="(-0.; 0.222; 0.563)" Org="(0.792; 3.735; -0.998)" ParentFrame="BoneRotatorR" />
			<Light Dir="(-0.796; 0.222; 0.563)" Pos="(0.792; 3.735; -0.998)" ParentFrame="BoneRotatorR" />
			<Flare Dir="(-0.796; 0.222; 0.563)" Pos="(0.792; 3.735; -0.998)" ParentFrame="BoneRotatorR" />
			<Flare Dir="(-0.796; 0.222; 0.563)" Pos="(0.792; 3.735; -0.998)" ParentFrame="BoneRotatorR" />
			<Flare Pos="(0.792; 3.735; -0.998)" ParentFrame="BoneRotatorR" />
		</Ignition>
		<HeadLight>
			<!-- front up -->
			<Flare _template="IgnitionSignalWhite" Color="g(255; 235; 200) x 0.3" Dir="(1; 0; 0)" Size="0.2" Pos="(1.090; 3.755; 0.698)" ParentFrame="BoneCabinRagdoll_cdt" />
			<Flare _template="IgnitionSignalWhite" Color="g(255; 235; 200) x 0.3" Dir="(1; 0; 0)" Size="0.2" Pos="(1.090; 3.757; 0.480)" ParentFrame="BoneCabinRagdoll_cdt" />
			<Flare _template="IgnitionSignalWhite" Color="g(255; 235; 200) x 0.3" Dir="(1; 0; 0)" Size="0.2" Pos="(1.090; 3.755; -0.698)" ParentFrame="BoneCabinRagdoll_cdt" />
			<Flare _template="IgnitionSignalWhite" Color="g(255; 235; 200) x 0.3" Dir="(1; 0; 0)" Size="0.2" Pos="(1.090; 3.757; -0.480)" ParentFrame="BoneCabinRagdoll_cdt" />
			
			<Model _template="HeadLightRay" Color="g(235; 220; 205) x 0.35" Dir="(0.955; -0.296; 0.009)" Org="(1.101; 3.753; 0.589)" ParentFrame="BoneChassis_cdt" />
			<Model _template="HeadLightRay" Color="g(235; 220; 205) x 0.35" Dir="(0.955; -0.296; 0.009)" Org="(1.101; 3.753; -0.589)" ParentFrame="BoneChassis_cdt" />
			
			<Model _template="HeadLightRay" Color="g(235; 220; 205) x 0.35" Dir="(0.955; -0.1; 0.009)" Org="(3.249; 2.071; -0.666)" ParentFrame="BoneChassis_cdt" />
			<Model _template="HeadLightRay" Color="g(235; 220; 205) x 0.35" Dir="(0.955; -0.1; 0.009)" Org="(3.249; 2.071; -0.666)" ParentFrame="BoneChassis_cdt" />
			
			<Flare _template="IgnitionSignalWhite" Color="g(255; 235; 200) x 0.25" Dir="(1; 0; 0)" Size="0.3" Pos="(3.162; 2.153; -0.614)" ParentFrame="BoneChassis_cdt" />
			<Flare _template="IgnitionSignalWhite" Color="g(255; 235; 200) x 0.2" Dir="(1; 0; 0)" Size="0.25" Pos="(3.195; 2.012; -0.663)" ParentFrame="BoneChassis_cdt" />
			<Flare _template="IgnitionSignalWhite" Color="g(255; 235; 200) x 0.2" Dir="(1; 0; 0)" Size="0.25" Pos="(3.266; 1.987; -0.580)" ParentFrame="BoneChassis_cdt" />
			<Flare _template="IgnitionSignalWhite" Color="g(255; 235; 200) x 0.25" Dir="(1; 0; 0)" Size="0.3" Pos="(3.162; 2.153; 0.614)" ParentFrame="BoneChassis_cdt" />
			<Flare _template="IgnitionSignalWhite" Color="g(255; 235; 200) x 0.2" Dir="(1; 0; 0)" Size="0.25" Pos="(3.195; 2.012; 0.663)" ParentFrame="BoneChassis_cdt" />
			<Flare _template="IgnitionSignalWhite" Color="g(255; 235; 200) x 0.2" Dir="(1; 0; 0)" Size="0.25" Pos="(3.266; 1.987; 0.580)" ParentFrame="BoneChassis_cdt" />
		</HeadLight>
	</ModelAttachments>
	<Landmark Mesh="landmarks/futom_7290ra_lmk" MinScale="1.8" MaxScale="2.4" />
	<HeadLight _template="Default" Pos="(3.6; 1.2; 0)" ParentFrame="BoneChassis_cdt" />
	<GameData
		Country="RU,CAS,NE,CE"
		Price="174400"
		UnlockByExploration="true"
		UnlockByRank="1"
		ExcludeAddons="trailer_log_pole"
	>
		<WinchSocket Pos="(-3.095; 1.252; 0)" ParentFrame="BoneChassis_cdt" />
		<WinchSocket Pos="(3.217; 0.966; 0.867)" ParentFrame="BoneChassis_cdt" />
		<WinchSocket Pos="(3.217; 0.966; -0.867)" ParentFrame="BoneChassis_cdt" />
		<WinchSocket Pos="(0.355; 1.476; 0.384)" ParentFrame="BoneChassis_cdt" />
		<WinchSocket Pos="(0.355; 1.476; -0.384)" ParentFrame="BoneChassis_cdt" />
		
		<CraneSocket Pos="(-3.095; 1.252; 0)" ParentFrame="BoneChassis_cdt" />
		<CraneSocket Pos="(3.217; 0.966; 0.867)" ParentFrame="BoneChassis_cdt" />
		<CraneSocket Pos="(3.217; 0.966; -0.867)" ParentFrame="BoneChassis_cdt" />
		<CraneSocket Pos="(0.355; 1.476; 0.384)" ParentFrame="BoneChassis_cdt" />
		<CraneSocket Pos="(0.355; 1.476; -0.384)" ParentFrame="BoneChassis_cdt" />

		<UiDesc
			UiDesc="UI_VEHICLE_FUTOM_7290RA_DESC"
			UiIcon30x30="heavyVehicleImg30"
			UiIcon328x458="shopImgFutom7290Ra"
			UiIcon40x40="heavyVehicleImg"
			UiIconLogo="FutomLogo80"
			UiName="UI_VEHICLE_FUTOM_7290RA_NAME"
		/>
		<CustomizationCameras>
			<CameraPos FOV="32.0" Name="default" InterestPosition="(5.8; 2; 0)" MaxXRotation="360" MaxYRotation="360" MaxZoom="2" Position="(13.951; 1.553; -5.017)" />
			<CameraPos FOV="32.0" Name="wheels" InterestPosition="(4.8; 0.602; -0)" MaxXRotation="360" MaxYRotation="360" MaxZoom="2" Position="(8.632; 2.6; -7)" />
			<CameraPos FOV="32.0" Name="addon_1" InterestPosition="(3.67; 2.3; 0)" MaxXRotation="360" MaxYRotation="360" MaxZoom="2" Position="(-3.9; 2.6; -9)" />
			<CameraPos FOV="32.0" Name="addon_2" InterestPosition="(3.4; 1.9; 0)" MaxXRotation="360" MaxYRotation="360" MaxZoom="2" Position="(-3.5; 3.7; -7)" />
			
			<CameraPos FOV="32.0" Interior="true" Name="bubble_head" InterestPosition="(4.377; 3.386; 1.58)" Position="(3.43; 3.35; 0.002)" />
			<CameraPos FOV="32.0" Interior="true" Name="curtain" Position="(3.43; 3.15; -0.5)" InterestPosition="(4.377; 3.55; 0.8)" />
			<CameraPos FOV="32.0" Interior="true" Name="hood_ornament" InterestPosition="(7.206; 2.472; -1.037)" Position="(8.8; 2.723; -1.1)" />
			<CameraPos FOV="32.0" Interior="true" Name="mirror_mount" Position="(3.43; 3.35; 0.002)" InterestPosition="(4.377; 3.386; 1.58)" />
			<CameraPos FOV="32.0" Interior="true" Name="glass_sticker" InterestPosition="(4.321; 2.828; -0.786)" Position="(8.8; 3.574; 1.8)" />
			<CameraPos FOV="32.0" Interior="true" Name="sticker_inside_01" Position="(3.55; 3.1; -0.5)" InterestPosition="(4.3; 4; 0.8)" />
			<CameraPos FOV="32.0" Interior="true" Name="sticker_inside_02" Position="(3.55; 3.1; -0.5)" InterestPosition="(4.3; 4; 1.2)" />
			<CameraPos FOV="32.0" Interior="true" Name="sticker_inside_03" Position="(3.55; 3.6; -0.5)" InterestPosition="(4.45; 2.3; 0.8)" />
			<CameraPos FOV="32.0" Interior="true" Name="sticker_inside_04" Position="(3.7; 3.3; 0.2)" InterestPosition="(5.6; 3.6; -0.5)" />
			<CameraPos FOV="32.0" Interior="true" Name="sticker_inside_1x2_01" Position="(3.55; 3.1; -0.5)" InterestPosition="(4.3; 4; 1.2)" />
			<CameraPos FOV="32.0" Interior="true" Name="sticker_inside_1x4_01" Position="(4.2; 3.35; -0.5)" InterestPosition="(2.377; 3.2; 1.58)" />
			<CameraPos FOV="32.0" Interior="true" Name="sticker_capote" InterestPosition="(4.321; 1.828; -0.786)" Position="(9.1; 5.1; 1.8)" />
			<CameraPos FOV="32.0" Interior="true" Name="sticker_roof" InterestPosition="(4.6; 1.9; 0.8)" Position="(1.2; 6.8; -1.9)" />
			<CameraPos FOV="32.0" Interior="true" Name="sticker_side_r" InterestPosition="(3.8; 1.509; 1.5)" Position="(-0.5; 2.28; 5.2)" />
			<CameraPos FOV="32.0" Interior="true" Name="sticker_wing_l" InterestPosition="(5.2; 1.6; -0.2)" Position="(1.8; 5.1; -2.7)" />
			<CameraPos FOV="32.0" Interior="true" Name="sticker_wing_r" InterestPosition="(5.2; 1.6; 1.5)" Position="(1.5; 5.1; 2.7)" />
			
		</CustomizationCameras>
		<AddonSockets DefaultAddon="futom_7290ra_coupler" RequiredAddonIfNoConflicts="futom_7290ra_coupler">
			<Socket Names="Futom7290RaCoupler" Offset="(0; 0; 0)" ParentFrame="BoneChassis_cdt" />
			<Socket Names="Futom7290RaCrane" ParentFrame="BoneChassis_cdt"/>
		</AddonSockets>
		<AddonSockets DefaultAddon="futom_7290ra_diff_lock_default">
			<Socket Names="Futom7290RaDiffLock" Offset="(0; 0; 0)" ParentFrame="BoneChassis_cdt" />
		</AddonSockets>
		<AddonSockets>
			<Socket Names="TrailerFarm" Offset="(-4.03; 1.13; 0)" />
			<Socket Names="Trailer, LogTrailer" Offset="(-3.095; 1.252; 0)">
				<AddonsShift Offset="(-0.97; -0.116; 0)" Types="Futom7290RaCoupler" />
			</Socket>
		</AddonSockets>
		<AddonSockets>
			<Socket Names="Futom7290RaCounterweight" Offset="(0; 0; 0)" />
		</AddonSockets>
		<AddonSockets>
			<Socket Names="Futom7290RaCounterweightRear" NamesBlock="Futom7290RaCrane" Offset="(0; 0; 0)" />
		</AddonSockets>
		<AddonSockets>
			<Socket Names="StuffHoodFutom7290Ra"/>
		</AddonSockets>
		<AddonSockets>
			<Socket Names="Futom7290RaSticker_Roof" ParentFrame="BoneCabinRagdoll_cdt" />
		</AddonSockets>
		<AddonSockets>
			<Socket Names="Futom7290RaSticker_Side_R"/>
		</AddonSockets>
		<AddonSockets>
			<Socket Names="Futom7290RaSticker_Wing_L" ParentFrame="BoneRackLeft" />
		</AddonSockets>
		<AddonSockets>
			<Socket Names="Futom7290RaSticker_Wing_R" ParentFrame="BoneRackRight" />
		</AddonSockets>
		<AddonSockets>
			<Socket Names="Futom7290RaSticker_GlassTop" ParentFrame="BoneCabinRagdoll_cdt" />
		</AddonSockets>
		<AddonSockets>
			<Socket Names="Futom7290RaSticker_Capote"/>
		</AddonSockets>
		<AddonSockets>
			<Socket InCockpit="true" Names="Futom7290RaSticker_1x1_01" ParentFrame="BoneCabinRagdoll_cdt" />
		</AddonSockets>
		<AddonSockets>
			<Socket InCockpit="true" Names="Futom7290RaSticker_1x1_02" ParentFrame="BoneCabinRagdoll_cdt" />
		</AddonSockets>
		<AddonSockets>
			<Socket InCockpit="true" Names="Futom7290RaSticker_1x1_03" ParentFrame="BoneCabinRagdoll_cdt" />
		</AddonSockets>
		<AddonSockets>
			<Socket InCockpit="true" Names="Futom7290RaSticker_1x1_04" ParentFrame="BoneCabinRagdoll_cdt" />
		</AddonSockets>
		<AddonSockets>
			<Socket InCockpit="true" Names="Futom7290RaSticker_1x2_01" ParentFrame="BoneCabinRagdoll_cdt" />
		</AddonSockets>
		<AddonSockets>
			<Socket InCockpit="true" Names="Futom7290RaSticker_1x4_01" ParentFrame="BoneCabinRagdoll_cdt" />
		</AddonSockets>
		<AddonSockets>
			<Socket
				InCockpit="true"
				Names="StuffAirfreshener"
				Offset="(0.249; 3.536; -0.604)"
				ParentFrame="BoneCabMirror_cdt"
			/>
		</AddonSockets>
		<AddonSockets>
			<Socket
				InCockpit="true"
				Names="StuffCurtainFutom7290Ra"
				Offset="(-0.02; 0; 0)"
				ParentFrame="BoneCabinRagdoll_cdt"
			/>
		</AddonSockets>
	</GameData>
	<ControlledConstraints>
		<Constraint Id="chassis_steer" IsLinkedSteering="true" Name="TieRodSteer" />
		<Constraint Id="chassis_steer" IsLinkedSteering="true" Name="TieRodSteer2" />
	</ControlledConstraints>
	<AutomaticIK>
		<IKBone ModelFrame="BoneFrontPistonLBase" ParentFrame="BoneChassis_cdt">
			<IKJoint AxisLocal="(0; 0; 1)" Type="Hinge2" />
			<IKBone
				AttachOffset="(0; 0; 0)"
				AttachToFrame="BoneRackLeft"
				ModelFrame="BoneFrontPistonL"
			>
				<IKJoint AxisLocal="(0; 0; 1)" Type="Slider" />
			</IKBone>
		</IKBone>
		<IKBone ModelFrame="BoneFrontPistonRBase" ParentFrame="BoneChassis_cdt">
			<IKJoint AxisLocal="(0; 0; 1)" Type="Hinge2" />
			<IKBone
				AttachOffset="(0; 0; 0)"
				AttachToFrame="BoneRackRight"
				ModelFrame="BoneFrontPistonR"
			>
				<IKJoint AxisLocal="(0; 0; -1)" Type="Slider" />
			</IKBone>
		</IKBone>
		<IKBone ModelFrame="BoneBackPistonLBase" ParentFrame="BoneChassis_cdt">
			<IKJoint AxisLocal="(0; 0; 1)" Type="Hinge2" />
			<IKBone
				AttachOffset="(0; 0; 0)"
				AttachToFrame="BoneRackRearLeft"
				ModelFrame="BoneBackPistonL"
			>
				<IKJoint AxisLocal="(0; 0; 1)" Type="Slider" />
			</IKBone>
		</IKBone>
		<IKBone ModelFrame="BoneBackPistonRBase" ParentFrame="BoneChassis_cdt">
			<IKJoint AxisLocal="(0; 0; 1)" Type="Hinge2" />
			<IKBone
				AttachOffset="(0; 0; 0)"
				AttachToFrame="BoneRackRearRight"
				ModelFrame="BoneBackPistonR"
			>
				<IKJoint AxisLocal="(0; 0; -1)" Type="Slider" />
			</IKBone>
		</IKBone>
		
		<IKBone ModelFrame="BoneFrontRackLBase" ParentFrame="BoneTieRod1_cdt">
			<IKJoint AxisLocal="(0; 0; 1)" Type="Hinge2" />
			<IKBone
				AttachOffset="(0; 0; 0)"
				AttachToFrame="BoneRackLeft"
				ModelFrame="BoneFrontRackL"
			>
				<IKJoint AxisLocal="(0; 0; -1)" Type="Slider" />
			</IKBone>
		</IKBone>
		<IKBone ModelFrame="BoneFrontRackRBase" ParentFrame="BoneTieRod1_cdt">
			<IKJoint AxisLocal="(0; 0; 1)" Type="Hinge2" />
			<IKBone
				AttachOffset="(0; 0; 0)"
				AttachToFrame="BoneRackRight"
				ModelFrame="BoneFrontRackR"
			>
				<IKJoint AxisLocal="(0; 0; -1)" Type="Slider" />
			</IKBone>
		</IKBone>
		
		<IKBone ModelFrame="BoneBackRackLBase" ParentFrame="BoneTieRod2_cdt">
			<IKJoint AxisLocal="(0; 0; 1)" Type="Hinge2" />
			<IKBone
				AttachOffset="(0; 0; 0)"
				AttachToFrame="BoneRackRearLeft"
				ModelFrame="BoneBackRackL"
			>
				<IKJoint AxisLocal="(0; 0; -1)" Type="Slider" />
			</IKBone>
		</IKBone>
		<IKBone ModelFrame="BoneBackRackRBase" ParentFrame="BoneTieRod2_cdt">
			<IKJoint AxisLocal="(0; 0; 1)" Type="Hinge2" />
			<IKBone
				AttachOffset="(0; 0; 0)"
				AttachToFrame="BoneRackRearRight"
				ModelFrame="BoneBackRackR"
			>
				<IKJoint AxisLocal="(0; 0; -1)" Type="Slider" />
			</IKBone>
		</IKBone>
	</AutomaticIK>
</Truck>
