<_templates Include="trucks"/>
<TruckAddon>
	<TruckData>
		<Damage>
			<Multiplier Multiplier="0.9" Type="Engine" />
		</Damage>
	</TruckData>
	<PhysicsModel Mesh="trucks/neo_falcon_2000_tuning/neo_falcon_2000_bumper_default">
		<Body ImpactType="Truck" Mass="5" ModelFrame="BoneCabin_cdt">
			<Constraint Type="Rigid" />
		</Body>
	</PhysicsModel>
	<ModelAttachments>
		<Ignition>
			<Flare _template="IgnitionSignalWhite" Color="g(240; 225; 215) x 0.4" Size="0.2" Pos="(2.147; 0.785; 0.633)" ParentFrame="BoneCabin_cdt" />
			<Flare _template="IgnitionSignalWhite" Color="g(240; 225; 215) x 0.4" Size="0.2" Pos="(2.147; 0.785; -0.633)" ParentFrame="BoneCabin_cdt" />
		</Ignition>
	</ModelAttachments>
	<GameData
		CameraPreset="default"
		Category="bumper"
		Price="800"
		UnlockByExploration="false"
		UnlockByRank="1"
	>
		
		<UiDesc
			UiDesc="UI_TUNING_BUMPER_STOCK_DESC"
			UiIcon30x30=""
			UiIcon40x40=""
			UiName="UI_TUNING_BUMPER_STOCK_NAME"
		/>
		<InstallSocket Type="NeoFalcon2000Bumper" />
	</GameData>
</TruckAddon>
