<_templates Include="trucks"/>
<TruckAddon>
	<TruckData>
		<Damage>
			<Multiplier Multiplier="0.85" Type="Engine" />
		</Damage>
	</TruckData>
	<PhysicsModel Mesh="trucks/neo_falcon_2000_tuning/neo_falcon_2000_cabin_protector_1">
		<Body ImpactType="Truck" Mass="40">
			<Constraint Type="Rigid" />
		</Body>
	</PhysicsModel>
	<GameData
		CameraPreset="default"
		Category="frame_addons"
		Price="2300"
		UnlockByExploration="false"
		UnlockByRank="8"
	>
		<UiDesc
			UiDesc="UI_TUNING_SAFETY_CAGE_DESC"
			UiIcon30x30=""
			UiIcon40x40=""
			UiName="UI_TUNING_SAFETY_CAGE_NAME"
		/>
		<InstallSocket Type="NeoFalcon2000Protector" />
	</GameData>
</TruckAddon>
