<_templates Include="trucks"/>
<TruckAddon>
	<TruckData>
		<Damage>
			<Multiplier Multiplier="0.95" Type="Suspension" />
		</Damage>
	</TruckData>
	<PhysicsModel Mesh="trucks/burlak_6x6_tuning/burlak_6x6_wings_default">
		<Body ImpactType="Truck" Mass="30" ModelFrame="BoneWings_cdt">
			<Constraint Type="Rigid" />
		</Body>
	</PhysicsModel>
	<GameData
		CameraPreset="default"
		Category="fenders"
		Price="700"
		UnlockByExploration="false"
		UnlockByRank="1"
	>
		<UiDesc
			UiDesc=""
			UiIcon30x30=""
			UiIcon40x40=""
			UiName="UI_TUNING_WINGS_DEFAULT_NAME"
		/>
		<InstallSocket Type="BurlakWingsDefault" />
	</GameData>
</TruckAddon>
