<TruckAddon>
	<PhysicsModel Mesh="trucks/burlak_6x6_tuning/burlak_6x6_farkop_scout_trailer">
		<Body Collisions="None" Mass="10" ModelFrame="BoneFarkopScoutTrailer_cdt">
			<Constraint Type="Rigid" />
		</Body>
	</PhysicsModel>
	<GameData
		CameraPreset="farkop"
		Category="frame_addons"
		Price="100"
		UnlockByExploration="false"
		UnlockByRank="1"
	>
		<WinchSocket Pos="(-4.238; 0.9133; 0)" FixedToTruck="true" />
		<CraneSocket Pos="(-4.238; 0.9133; 0)" FixedToTruck="true" />
		<UiDesc
			UiDesc="UI_TUNING_FARKOP_SCOUT_TRAILER_DESC"
			UiIcon30x30=""
			UiIcon40x40=""
			UiName="UI_TUNING_FARKOP_SCOUT_TRAILER_NAME"
		/>
		<InstallSocket Type="BurlakFarkopScout" />
	</GameData>
</TruckAddon>
