<_templates Include="trucks" />
<TruckAddon>
	<Snorkel Origin="(3.359; 3.24; -0.858)" />
	<PhysicsModel Mesh="trucks/azov_670963n_tuning/azov_670963n_snorkel_default">
		<Body ImpactType="Truck" Mass="40" ModelFrame="BoneCabin_cdt">
			<Constraint Type="Rigid" />
		</Body>
	</PhysicsModel>
	<GameData
		CameraPreset="rear"
		Category="snorkel"
		Price="1100"
		UnlockByExploration="false"
		UnlockByRank="1"
	>
		<UiDesc
			UiDesc="UI_TUNING_SNORKEL_STOCK_DESC"
			UiIcon30x30=""
			UiIcon40x40=""
			UiName="UI_TUNING_SNORKEL_STOCK_NAME"
		/>
		<InstallSocket Type="Azov670963nSnorkel" />
	</GameData>
</TruckAddon>
