<_templates Include="trucks" />
<TruckAddon>
	<Snorkel Origin="(3.615; 2.379; -1.171)" />
	<PhysicsModel Mesh="trucks/mack_defense_m917_tuning/mack_defense_m917_snorkel_2">
		<Body ImpactType="Truck" Mass="8" ModelFrame="BoneAddon_cdt">
			<Constraint Type="Rigid" />
		</Body>
	</PhysicsModel>
	<GameData
		CameraPreset="snorkels"
		Category="snorkel"
		Price="2500"
		UnlockByExploration="false"
		UnlockByRank="13"
	>
		<UiDesc
			UiDesc="UI_TUNING_SNORKEL_EXT_AIRFILTER_DESC"
			UiIcon30x30=""
			UiIcon40x40=""
			UiName="UI_TUNING_SNORKEL_EXT_AIRFILTER_NAME"
		/>
		<InstallSocket Type="MackDefenseM917Snorkel" />
	</GameData>
</TruckAddon>
