<_templates Include="trucks">
	<TruckTire>
		<ScoutOffroad _template="Light">
			<WheelTracks _template="Offroad" />
			<WheelSoftness _template="ScoutDefault" />
			<WheelFriction _template="ScoutOffroad" />
		</ScoutOffroad>
	</TruckTire>
</_templates>
<TruckWheels DamageCapacity="50" Radius="1" Width="0.76">
	<TruckTires>
		<TruckTire _template="ScoutOffroad" Mesh="wheels/tire_scout_offroad_10" Name="JAT OS I">
			<WheelFriction _template="ScoutOffroad" BodyFriction="2" BodyFrictionAsphalt="1" SubstanceFriction="1.2"/>
			<GameData
				Price="4200"
				UnlockByExploration="false"
				UnlockByRank="1"
			>
				<UiDesc UiDesc="UI_TIRE_OFFROAD_DESC" UiName="UI_TIRE_SCOUT_OFFROAD_10_NAME" />
			</GameData>
		</TruckTire>
        <TruckTire _template="ScoutOffroad" Mesh="wheels/tire_scout_offroad_11" Name="JAT OS II">
			<WheelFriction _template="ScoutOffroad" BodyFriction="2.2" BodyFrictionAsphalt="0.8" SubstanceFriction="1.2"/>
			<GameData
				Price="4600"
				UnlockByExploration="false"
				UnlockByRank="1"
			>
				<UiDesc UiDesc="UI_TIRE_OFFROAD_DESC" UiName="UI_TIRE_SCOUT_OFFROAD_11_NAME" />
			</GameData>
		</TruckTire>
        <TruckTire _template="ScoutOffroad" Mesh="wheels/tire_scout_offroad_12" Name="JAT OS III">
			<WheelFriction _template="ScoutOffroad" BodyFriction="2.3" BodyFrictionAsphalt="1" SubstanceFriction="1.1"/>
			<GameData
				Price="5000"
				UnlockByExploration="false"
				UnlockByRank="1"
			>
				<UiDesc UiDesc="UI_TIRE_OFFROAD_DESC" UiName="UI_TIRE_SCOUT_OFFROAD_12_NAME" />
			</GameData>
		</TruckTire>
        <TruckTire _template="ScoutOffroad" Mesh="wheels/tire_scout_offroad_13" Name="JAT OS IV">
			<WheelFriction _template="ScoutOffroad" BodyFriction="2.2" BodyFrictionAsphalt="1.1" SubstanceFriction="1.2"/>
			<GameData
				Price="5200"
				UnlockByExploration="false"
				UnlockByRank="1"
			>
				<UiDesc UiDesc="UI_TIRE_OFFROAD_DESC" UiName="UI_TIRE_SCOUT_OFFROAD_13_NAME" />
			</GameData>
		</TruckTire>
	</TruckTires>
	<TruckRims>
		<TruckRim Mesh="wheels/rim_scout_offroad_10" Name="JAT OS I">
			<GameData>
				<UiDesc UiDesc="UI_RIM_JAT_DESC" UiName="UI_RIM_SCOUT_OFFROAD_10_NAME" />
			</GameData>
		</TruckRim>
        <TruckRim Mesh="wheels/rim_scout_offroad_11" Name="JAT OS II">
			<GameData>
				<UiDesc UiDesc="UI_RIM_JAT_DESC" UiName="UI_RIM_SCOUT_OFFROAD_11_NAME" />
			</GameData>
		</TruckRim>
		<TruckRim Mesh="wheels/rim_scout_offroad_1" Name="rim_1">
			<GameData>
				<UiDesc UiDesc="UI_RIM_SCOUT_OFFROAD_1_DESC" UiName="UI_RIM_SCOUT_OFFROAD_1_NAME" />
			</GameData>
		</TruckRim>
		<TruckRim Mesh="wheels/rim_scout_offroad_2" Name="rim_2">
			<GameData>
				<UiDesc UiDesc="UI_RIM_SCOUT_OFFROAD_2_DESC" UiName="UI_RIM_SCOUT_OFFROAD_2_NAME" />
			</GameData>
		</TruckRim>
		
		<!-- New Rims -->
		<TruckRim Mesh="wheels/rim_scout_allterrain_10" Name="Ultima AT I">
			<GameData>
				<UiDesc UiDesc="UI_RIM_SCOUT_OFFROAD_1_DESC" UiName="UI_RIM_SCOUT_ALLTERRAIN_10_NAME" />
			</GameData>
		</TruckRim>
        <TruckRim Mesh="wheels/rim_scout_allterrain_11" Name="Ultima AT II">
			<GameData>
				<UiDesc UiDesc="UI_RIM_SCOUT_OFFROAD_1_DESC" UiName="UI_RIM_SCOUT_ALLTERRAIN_11_NAME" />
			</GameData>
		</TruckRim>
		<TruckRim Mesh="wheels/rim_scout_allterrain_13" Name="Ultima AT III">
			<GameData>
				<UiDesc UiDesc="UI_RIM_SCOUT_OFFROAD_1_DESC" UiName="UI_RIM_SCOUT_ALLTERRAIN_12_NAME" />
			</GameData>
		</TruckRim>
		<TruckRim Mesh="wheels/rim_scout_allterrain_12" Name="Ultima AT IV">
			<GameData>
				<UiDesc UiDesc="UI_RIM_SCOUT_OFFROAD_1_DESC" UiName="UI_RIM_SCOUT_ALLTERRAIN_13_NAME" />
			</GameData>
		</TruckRim>
	</TruckRims>
</TruckWheels>
