<_templates Include="trucks" />
<TruckAddon>
	<PhysicsModel Mesh="trucks/kenworth_w990_tuning/kenworth_w990_beacon_default">
		<Body ImpactType="Truck" Mass="10" ModelFrame="BoneCabin_cdt">
			<Constraint Type="Rigid" />
		</Body>
	</PhysicsModel>
	<Rotator EngineTorqueFactor="0" Frame="BoneRotatorLeft" RotationSpeed="3.9" />
	<Rotator EngineTorqueFactor="0" Frame="BoneRotatorRight" RotationSpeed="4" />
	<ModelAttachments>
		<Ignition _template="Flasher">
			<Model
				Color="g(255; 50; 5) x 0.55"
				Dir="(1; 0.222; 0.563)"
				Org="(2.162; 3.142; -0.857)"
				Scale="(0.19; 0.19; 0.19)"
				ParentFrame="BoneRotatorRight"
				Reflections="false"
			/>
			<Light Dir="(-0.796; 0.222; 0.563)" Pos="(2.162; 3.142; -0.857)" ParentFrame="BoneRotatorRight" />
			<Flare Color="g(255; 50; 5) x 0.45" Dir="(-0.796; 0.222; 0.563)" Size="1" Pos="(2.162; 3.142; -0.857)" ParentFrame="BoneRotatorRight" />
			<Flare Color="g(255; 50; 5) x 0.7" Dir="(-0.796; 0.222; 0.563)" Size="0.7" Pos="(2.162; 3.142; -0.857)" ParentFrame="BoneRotatorRight" />
			<Flare Color="g(255; 50; 5) x 0.55" Size="1" Pos="(2.162; 3.142; -0.857)" ParentFrame="BoneRotatorRight" />

		</Ignition>
		<Ignition _template="Flasher">
			<Model
				Color="g(255; 50; 5) x 0.55"
				Dir="(1; 0.222; 0.563)"
				Org="(2.162; 3.142; 0.857)"
				Scale="(0.19; 0.19; 0.19)"
				ParentFrame="BoneRotatorLeft"
			/>
			<Light Dir="(-0.796; 0.222; 0.563)" Pos="(2.162; 3.142; 0.857)" ParentFrame="BoneRotatorLeft" />
			<Flare Color="g(255; 50; 5) x 0.45" Dir="(-0.796; 0.222; 0.563)" Size="1" Pos="(2.162; 3.142; 0.857)" ParentFrame="BoneRotatorLeft" />
			<Flare Color="g(255; 50; 5) x 0.7" Dir="(-0.796; 0.222; 0.563)" Size="0.7" Pos="(2.162; 3.142; 0.857)" ParentFrame="BoneRotatorLeft" />
			<Flare Color="g(255; 50; 5) x 0.55" Size="1" Pos="(2.162; 3.142; 0.857)" ParentFrame="BoneRotatorLeft" />

		</Ignition>
	</ModelAttachments>
	<GameData
		CameraPreset="roof"
		Category="top"
		Price="600"
		UnlockByExploration="false"
		UnlockByRank="10"
	>
		<UiDesc
			UiDesc="UI_TUNING_BEACONS_STOCK_DESC"
			UiIcon30x30=""
			UiIcon40x40=""
			UiName="UI_TUNING_BEACONS_STOCK_NAME"
		/>
		<InstallSocket Type="KenworthW990Beacon" />
	</GameData>
</TruckAddon>
