<_templates Include="trucks" />
<_parent File="kenworth_w990_visor_default" />
<TruckAddon>
	<PhysicsModel Mesh="trucks/kenworth_w990_tuning/kenworth_w990_visor_1" />
	<ModelAttachments>
		<Ignition>
			<Flare _template="MarkerBeacon" Color="g(255; 140; 0) x 0.3" Size="0.2" Pos="(2.975; 2.738; -0.771)" Dir="(1; 0; 0)" DirAngle="120" ParentFrame="BoneCabin_cdt" />
			<Flare _template="MarkerBeacon" Color="g(255; 140; 0) x 0.3" Size="0.2" Pos="(3.046; 2.737; -0.306)" Dir="(1; 0; 0)" DirAngle="120" ParentFrame="BoneCabin_cdt" />
			<Flare _template="MarkerBeacon" Color="g(255; 140; 0) x 0.3" Size="0.2" Pos="(3.045; 2.737; 0.000)" Dir="(1; 0; 0)" DirAngle="120" ParentFrame="BoneCabin_cdt" />
			<Flare _template="MarkerBeacon" Color="g(255; 140; 0) x 0.3" Size="0.2" Pos="(3.046; 2.737; 0.306)" Dir="(1; 0; 0)" DirAngle="120" ParentFrame="BoneCabin_cdt" />
			<Flare _template="MarkerBeacon" Color="g(255; 140; 0) x 0.3" Size="0.2" Pos="(2.975; 2.738; 0.771)" Dir="(1; 0; 0)" DirAngle="120" ParentFrame="BoneCabin_cdt" />
		</Ignition>
	</ModelAttachments>
	<GameData
		CameraPreset="roof"
		Category="fender_front"
		Price="800"
		UnlockByExploration="false"
		UnlockByRank="1"
	>
		<UiDesc
			UiDesc="UI_TUNING_SUNVISOR_STRAIGHTCAP_DESC"
			UiIcon30x30=""
			UiIcon40x40=""
			UiName="UI_TUNING_SUNVISOR_STRAIGHTCAP_NAME"
		/>
		<InstallSocket Type="KenworthW990Visor" />
	</GameData>
</TruckAddon>
