<_templates Include="trucks">
	<TruckTire>
		<Offroad _template="Medium">
			<WheelTracks _template="Default" />
			<WheelTracks _template="Default" Rear="true" />
			<WheelSoftness _template="Stiff" />
			<WheelFriction _template="Offroad" />
		</Offroad>
	</TruckTire>
</_templates>
<TruckWheels
	DamageCapacity="50"
	Radius="1"
	Width="0.65"
	Mass="100"
>
	<TruckTires>
        <!-- Offroad tires -->

        <TruckTire _template="Offroad" Mesh="wheels/tire_medium_offroad_single_10" Name="JAT OMS I">
			<WheelFriction _template="Offroad" BodyFriction="3" BodyFrictionAsphalt="1" SubstanceFriction="1.7"/>
			<GameData
				Price="4900"
				UnlockByExploration="false"
				UnlockByRank="1"
			>
				<UiDesc UiDesc="UI_TIRE_OFFROAD_DESC" UiName="UI_TIRE_MEDIUM_OFFROAD_SINGLE_10_NAME" />
			</GameData>
		</TruckTire>
        <TruckTire _template="Offroad" Mesh="wheels/tire_medium_offroad_single_11" Name="JAT OMS II">
			<WheelFriction _template="Offroad" BodyFriction="3.1" BodyFrictionAsphalt="0.8" SubstanceFriction="1.6"/>
			<GameData
				Price="5100"
				UnlockByExploration="false"
				UnlockByRank="1"
			>
				<UiDesc UiDesc="UI_TIRE_OFFROAD_DESC" UiName="UI_TIRE_MEDIUM_OFFROAD_SINGLE_11_NAME" />
			</GameData>
		</TruckTire>
        <TruckTire _template="Offroad" Mesh="wheels/tire_medium_offroad_single_12" Name="JAT OMS III">
			<WheelFriction _template="Offroad" BodyFriction="3.2" BodyFrictionAsphalt="0.6" SubstanceFriction="1.6"/>
			<GameData
				Price="5700"
				UnlockByExploration="false"
				UnlockByRank="1"
			>
				<UiDesc UiDesc="UI_TIRE_OFFROAD_DESC" UiName="UI_TIRE_MEDIUM_OFFROAD_SINGLE_12_NAME" />
			</GameData>
		</TruckTire>
	</TruckTires>
	<TruckRims>
        <!-- Offroad rims -->
        <TruckRim Mesh="wheels/rim_medium_offroad_single_10" Name="JAT OMS I">
			<GameData>
				<UiDesc UiDesc="UI_TIRE_HIGHWAY_DESC" UiName="UI_RIM_MEDIUM_OFFROAD_SINGLE_10_NAME" />
			</GameData>
		</TruckRim>
        <TruckRim Mesh="wheels/rim_medium_offroad_single_11" Name="JAT OMS II">
			<GameData>
				<UiDesc UiDesc="UI_TIRE_HIGHWAY_DESC" UiName="UI_RIM_MEDIUM_OFFROAD_SINGLE_11_NAME" />
			</GameData>
		</TruckRim>
		<TruckRim Mesh="wheels/rim_medium_offroad_double_front_1" Name="rim_offroad_1">
			<GameData>
				<UiDesc UiDesc="UI_RIM_MEDIUM_OFFROAD_DOUBLE_1_DESC" UiName="UI_RIM_MEDIUM_OFFROAD_DOUBLE_1_NAME" />
			</GameData>
		</TruckRim>
		<TruckRim Mesh="wheels/rim_medium_offroad_double_front_2" Name="rim_offroad_2">
			<GameData>
				<UiDesc UiDesc="UI_RIM_MEDIUM_OFFROAD_DOUBLE_2_DESC" UiName="UI_RIM_MEDIUM_OFFROAD_DOUBLE_2_NAME" />
			</GameData>
		</TruckRim>
		<TruckRim Mesh="wheels/rim_medium_offroad_double_front_3" Name="rim_offroad_3">
			<GameData>
				<UiDesc UiDesc="UI_RIM_MEDIUM_OFFROAD_DOUBLE_3_DESC" UiName="UI_RIM_MEDIUM_OFFROAD_DOUBLE_3_NAME" />
			</GameData>
		</TruckRim>
		<TruckRim Mesh="wheels/rim_medium_offroad_double_front_4" Name="rim_offroad_4">
			<GameData>
				<UiDesc UiDesc="UI_RIM_MEDIUM_OFFROAD_DOUBLE_4_DESC" UiName="UI_RIM_MEDIUM_OFFROAD_DOUBLE_4_NAME" />
			</GameData>
		</TruckRim>
	</TruckRims>
</TruckWheels>
