<_templates Include="trucks" />
<TruckAddon>
	<TruckData>
		<Damage>
			<Multiplier Multiplier="0.7" Type="FuelTank" />
		</Damage>
	</TruckData>
	<PhysicsModel Mesh="trucks/aac_58dw_tuning/aac_58dw_bumper_rear_2">
		<Body Mass="75" ModelFrame="BoneChassis_cdt">
			<Constraint Type="Rigid" />
			<Body _template="Mudguard" ModelFrame="BoneBumperDefaultMudguardL_cdt">
				<Constraint AxisLocal="(1; 0; 0)" MinLimit="-36" MaxLimit="15" />
			</Body>
			<Body _template="Mudguard" ModelFrame="BoneBumperDefaultMudguardR_cdt">
				<Constraint AxisLocal="(1; 0; 0)" MinLimit="-35" MaxLimit="15" />
			</Body>
		</Body>
	</PhysicsModel>
	<GameData
		CameraPreset="rear"
		Category="rear"
		Price="1800"
		UnlockByExploration="false"
		UnlockByRank="10"
	>
		<UiDesc
			UiDesc="UI_TUNING_REAR_BUMPER_LIGHTPROT_DESC"
			UiIcon30x30=""
			UiIcon40x40=""
			UiName="UI_TUNING_REAR_BUMPER_LIGHTPROT_NAME"
		/>
		<InstallSocket Type="Aac58DwRearBumper" />
	</GameData>
</TruckAddon>
