<_templates Include="trucks">
	<_parent File="plad_450_bumper_default" />
</_templates>
<TruckAddon>
	<TruckData>
		<Damage>
			<Multiplier Multiplier="1.0" Type="Engine" />
		</Damage>
	</TruckData>
	<PhysicsModel _noinherit="true" Mesh="trucks/plad_450_tuning/plad_450_bumper_1">
		<Body ImpactType="Truck" Mass="20" ModelFrame="BoneCabin_cdt">
			<Constraint Type="Rigid" />
			<Body
				AngularDamping="4"
				Collisions="None"
				Mass="10"
				ModelFrame="BoneHook_cdt"
			>
				<Constraint
					AxisLocal="(0; 0; 1)"
					Type="Hinge"
					MinLimit="-32"
					MaxLimit="30"
				/>
				 <Motor Damping="0.1" Spring="0.1" Type="Spring" />
			</Body>
		</Body>
	</PhysicsModel>
	<ModelAttachments>
		<Ignition>
			<Light _template="IgnitionSignalWhite" Color="g(253; 220; 186) x 1" Pos="(5.502; 1.494; 1.157)" ParentFrame="BoneCabin_cdt" />
			<Light _template="IgnitionSignalWhite" Color="g(253; 220; 186) x 1" Pos="(5.502; 1.494; -1.157)" ParentFrame="BoneCabin_cdt" />
			
			<Flare _template="IgnitionSignalWhite" ColorMultAtDay=".05" DirAngle="90" Color="g(253; 220; 186) x 1" Size="0.2" Pos="(5.806; 2.199; -0.613)" ParentFrame="BoneCabin_cdt" />
			<Flare _template="IgnitionSignalWhite" ColorMultAtDay=".05" DirAngle="90" Color="g(253; 220; 186) x 1" Size="0.2" Pos="(5.806; 2.199; 0.613)" ParentFrame="BoneCabin_cdt" />
			
			<Flare _template="IgnitionSignalWhite" ColorMultAtDay=".05" DirAngle="90" Color="g(253; 220; 186) x 1" Size="0.4" Pos="(5.555; 1.494; -1.157)" ParentFrame="BoneCabin_cdt" />
			<Flare _template="IgnitionSignalWhite" ColorMultAtDay=".05" DirAngle="90" Color="g(253; 220; 186) x 1" Size="0.4" Pos="(5.555; 1.494; 1.157)" ParentFrame="BoneCabin_cdt" />
			<Flare _template="IgnitionSignalWhite" ColorMultAtDay=".05" DirAngle="90" Color="g(253; 220; 186) x 1" Size="0.2" Pos="(5.492; 1.202; -1.237)" ParentFrame="BoneCabin_cdt" />
			<Flare _template="IgnitionSignalWhite" ColorMultAtDay=".05" DirAngle="90" Color="g(253; 220; 186) x 1" Size="0.2" Pos="(5.492; 1.202; 1.237)" ParentFrame="BoneCabin_cdt" />
		</Ignition>
		<HeadLight>
			<Model _template="HeadLightRay" Org="(5.806; 2.199; -0.613)" ParentFrame="BoneCabin_cdt" />
			<Model _template="HeadLightRay" Org="(5.806; 2.199; 0.613)" ParentFrame="BoneCabin_cdt" />
			<Flare _template="HeadLight" Color="g(255; 235; 200) x 0.6" Size=".2" Pos="(5.806; 2.199; -0.613)" ParentFrame="BoneCabin_cdt" />
			<Flare _template="HeadLight" Color="g(255; 235; 200) x 0.6" Size=".2" Pos="(5.806; 2.199; 0.613)" ParentFrame="BoneCabin_cdt" />
			<Flare _template="BlueStreak" Pos="(5.806; 2.199; -0.613)" ParentFrame="BoneCabin_cdt" />
			<Flare _template="BlueStreak" Pos="(5.806; 2.199; 0.613)" ParentFrame="BoneCabin_cdt" />
		
			<Model _template="HeadLightRay" Org="(5.502; 1.494; -1.157)" ParentFrame="BoneCabin_cdt" />
			<Model _template="HeadLightRay" Org="(5.502; 1.494; 1.157)" ParentFrame="BoneCabin_cdt" />
			<Flare _template="HeadLight" Color="g(255; 235; 200) x 0.6" Size=".2" Pos="(5.502; 1.494; -1.157)" ParentFrame="BoneCabin_cdt" />
			<Flare _template="HeadLight" Color="g(255; 235; 200) x 0.6" Size=".2" Pos="(5.502; 1.494; 1.157)" ParentFrame="BoneCabin_cdt" />
			<Flare _template="BlueStreak" Pos="(5.502; 1.494; -1.157)" ParentFrame="BoneCabin_cdt" />
			<Flare _template="BlueStreak" Pos="(5.502; 1.494; 1.157)" ParentFrame="BoneCabin_cdt" />
		</HeadLight>
	</ModelAttachments>
	<MainHeadLight _template="Multiply2"/>
	<GameData
		CameraPreset="hoods_default"
		Category="bumper"
		Price="1500"
		UnlockByExploration="false"
		UnlockByRank="8"
	>
		<UiDesc
			UiDesc="UI_TUNING_BUMPER_REBAR_DESC"
			UiIcon30x30=""
			UiIcon40x40=""
			UiName="UI_TUNING_BUMPER_REBAR_NAME"
		/>
		<InstallSocket Type="Plad450Bumper" />
	</GameData>
</TruckAddon>
