<GearboxVariants>
	<Gearbox
		AWDConsumptionModifier="1.1"
		CriticalDamageThreshold="0.5"
		DamageCapacity="135"
		DamagedConsumptionModifier="1.4"
		FuelConsumption="1.8"
		IdleFuelModifier="0.2"
		Name="g_aac_58dw_special"
		MinBreakFreq="0.0"
		MaxBreakFreq="15.0"
	>
		<ReverseGear AngVel="2.3" FuelModifier="0.9" />
		<HighGear AngVel="8" FuelModifier="1.5" />
		<Gear AngVel="3.2" FuelModifier="1.7" />
		<Gear AngVel="4.4" FuelModifier="1.5" />
		<Gear AngVel="6" FuelModifier="1.3" />
		<Gear AngVel="8.5" FuelModifier="1.0" />
		<Gear AngVel="13" FuelModifier="0.9" />
		<GameData
			Price="2700"
			UnlockByExploration="true"
			UnlockByRank="1"
		>
			<UiDesc
				UiDesc="UI_GEARBOX_SPECIAL_DEFAULT_DESC"
				UiIcon30x30=""
				UiIcon40x40=""
				UiName="UI_GEARBOX_SPECIAL_DEFAULT_NAME"
			/>
			<GearboxParams
				IsHighGearExists="true"
				IsLowerGearExists="true"
				IsLowerPlusGearExists="false"
				IsLowerMinusGearExists="false"
			/>
		</GameData>
	</Gearbox>
</GearboxVariants>
