<_templates Include="trucks" />
<SuspensionSetVariants>
	<SuspensionSet
		_template="Normal"
		CriticalDamageThreshold="0.7"
		DamageCapacity="80"
		Name="rezvani_tank_suspension_default"
	>
		<Suspension 
			Damping="0.4"
			Height="0.12"
			Strength="0.05"
			WheelType="front"
			BrokenSuspensionMax="0.15"
			SuspensionMin="-0.14"
		/>
		<Suspension 
			Damping="0.4"
			Height="0.12"
			Strength="0.05"
			WheelType="rear"
			BrokenSuspensionMax="0.15"
			SuspensionMin="-0.14"
		/>
		<GameData
			Price="3800"
			UnlockByExploration="false"
			UnlockByRank="1"
		>
			<UiDesc
				UiDesc="UI_SUSPENSION_DEFAULT_DESC"
				UiIcon30x30=""
				UiIcon40x40=""
				UiName="UI_SUSPENSION_DEFAULT_NAME"
			/>
		</GameData>
	</SuspensionSet>
	<SuspensionSet
		_template="High"
		CriticalDamageThreshold="0.7"
		DamageCapacity="120"
		Name="rezvani_tank_suspension_high"
	>
		<Suspension 
			Damping="0.4" 
			Height="0.2" 
			Strength="0.05" 
			WheelType="front" 
			BrokenSuspensionMax="0.15" 
			SuspensionMin="-0.28" 
		/>
		<Suspension 
			Damping="0.4" 
			Height="0.22" 
			Strength="0.04"
			WheelType="rear" 
			BrokenSuspensionMax="0.15" 
			SuspensionMin="-0.37" 
		/>
		<GameData
			Price="5700"
			UnlockByExploration="false"
			UnlockByRank="1"
		>
			<UiDesc
				UiDesc="UI_SUSPENSION_HIGH_DESC"
				UiIcon30x30=""
				UiIcon40x40=""
				UiName="UI_SUSPENSION_HIGH_NAME"
			/>
		</GameData>
	</SuspensionSet>
</SuspensionSetVariants>
