<_templates Include="trucks" />
<TruckAddon>
	<PhysicsModel Mesh="trucks/plad_450_tuning/plad_450_visor_1" />
	<ModelAttachments>
		<Ignition>
			<Flare _template="MarkerBeacon" Pos="(3.171; 3.616; -0.822)" />
			<Flare _template="MarkerBeacon" Pos="(3.171; 3.616; 0.822)" />
		</Ignition>
	</ModelAttachments>
	<GameData
		CameraPreset="roof"
		Category="fender_front"
		Price="1300"
		UnlockByExploration="false"
		UnlockByRank="1"
	>
		<UiDesc
			UiDesc="UI_TUNING_SUNVISOR_NAVISTAR_DARKSLANT_DESC"
			UiIcon30x30=""
			UiIcon40x40=""
			UiName="UI_TUNING_SUNVISOR_NAVISTAR_DARKSLANT_NAME"
		/>
		<InstallSocket Type="Plad450Visor" />
	</GameData>
</TruckAddon>