<_templates Include="trucks" />
<TruckAddon>
	<Rotator EngineTorqueFactor="0" Frame="BoneRotatorLeft" RotationSpeed="3.9" />
	<Rotator EngineTorqueFactor="0" Frame="BoneRotatorRight" RotationSpeed="4" />
	<PhysicsModel Mesh="trucks/aac_58dw_tuning/aac_58dw_beacon_1">
		<Body ImpactType="Truck" Mass="6" ModelFrame="BoneChassis_cdt">
			<Constraint Type="Rigid" />
		</Body>
	</PhysicsModel>
	<ModelAttachments>
		<Ignition _template="Flasher">
			<Model
				Color="g(255; 50; 5) x 0.55"
				Dir="(1; 0.222; 0.563)"
				Org="(-0.07; 2.074; -0.530)"
				Reflections="false"
				Scale="(0.19; 0.19; 0.19)"
				ParentFrame="BoneRotatorRight"
			/>
			<Light Dir="(-0.796; 0.222; 0.563)" Pos="(-0.07; 2.074; -0.530)" ParentFrame="BoneRotatorRight" />
			<Flare Color="g(255; 50; 5) x 0.45" Dir="(-0.796; 0.222; 0.563)" Size="1" Pos="(-0.07; 2.074; -0.530)" ParentFrame="BoneRotatorRight" />
			<Flare Color="g(255; 50; 5) x 0.7" Dir="(-0.796; 0.222; 0.563)" Size="0.7" Pos="(-0.07; 2.074; -0.530)" ParentFrame="BoneRotatorRight" />
			<Flare Color="g(255; 50; 5) x 0.55" Size="1" Pos="(-0.07; 2.074; -0.530)" ParentFrame="BoneRotatorRight" />
		</Ignition>
		<Ignition _template="Flasher">
			<Model
				Color="g(255; 50; 5) x 0.55"
				Dir="(1; 0.222; 0.563)"
				Org="(-0.07; 2.07; 0.54)"
				Scale="(0.19; 0.19; 0.19)"
				ParentFrame="BoneRotatorLeft"
			/>
			<Light Dir="(-0.796; 0.222; 0.563)" Pos="(-0.07; 2.07; 0.54)" ParentFrame="BoneRotatorLeft" />
			<Flare Color="g(255; 50; 5) x 0.45" Dir="(-0.796; 0.222; 0.563)" Size="1" Pos="(-0.07; 2.07; 0.54)" ParentFrame="BoneRotatorLeft" />
			<Flare Color="g(255; 50; 5) x 0.7" Dir="(-0.796; 0.222; 0.563)" Size="0.7" Pos="(-0.07; 2.07; 0.54)" ParentFrame="BoneRotatorLeft" />
			<Flare Color="g(255; 50; 5) x 0.55" Size="1" Pos="(-0.07; 2.07; 0.54)" ParentFrame="BoneRotatorLeft" />
		</Ignition>
	</ModelAttachments>
	<GameData
		CameraPreset="addon_2"
		Category="top"
		Price="600"
		UnlockByExploration="false"
		UnlockByRank="1"
	>
		<UiDesc
			UiDesc="UI_TUNING_BEACONS_STOCK_DESC"
			UiIcon30x30=""
			UiIcon40x40=""
			UiName="UI_TUNING_BEACONS_STOCK_NAME"
		/>
		<InstallSocket Type="Aac58DwBeacon" />
	</GameData>
</TruckAddon>
