<_templates Include="trucks"/>
<TruckAddon>
	<TruckData>
		<Shakers>
			<Shaker Frame="BoneExhaust" LimitDirectionY="Negative" MinAngle="(0.2; 0.7; 0.2)" MaxAngle="(0.5; 0.5; 0.5)" MaxFrequency="2.1" ParentFrame="BoneExhaust" />
		</Shakers>
	</TruckData>
	<PhysicsModel Mesh="trucks/femm_37at_tuning/femm_37at_exhaust_default">
		<Body Collisions="None" Mass="70">
			<Constraint Type="Rigid" />
		</Body>
	</PhysicsModel>
	<GameData
		CameraPreset="exhaust"
		Category="exhaust"
		Price="1100"
		UnlockByExploration="false"
		UnlockByRank="1"
	>
		<UiDesc
			UiDesc="UI_TUNING_EXHAUST_DEFAULT_DESC"
			UiIcon30x30=""
			UiIcon40x40=""
			UiName="UI_TUNING_EXHAUST_DEFAULT_NAME"
		/>
		<InstallSocket Type="Femm37atExhaust" />
	</GameData>
	<Exhaust
		Dir="(0; 0.3; -1)"
		Origin="(4.601; 4; -1.301)"
		Speed="3.82"
		ParentFrame="BoneExhaustDefault_cdt"
	/>
</TruckAddon>
