<_templates Include="trucks"/>
<TruckAddon>
	<PhysicsModel Mesh="trucks/femm_37at_tuning/femm_37at_top_fender">
		<Body ImpactType="Truck" Mass="220">
			<Constraint Type="Fixed" />
		</Body>
	</PhysicsModel>
	<ModelAttachments>
		<Ignition>
			<Flare _template="IgnitionSignalWhite" AspectRatio="1.5" ColorMultAtDay="0.2" Dir="(1; 0; 0)" Size="0.15" Pos="(6.596; 3.682; 0.773)"/>
			<Flare _template="IgnitionSignalWhite" AspectRatio="1.5" ColorMultAtDay="0.2" Dir="(1; 0; 0)" Size="0.15" Pos="(6.636; 3.677; 0.208)"/>
			<Flare _template="IgnitionSignalWhite" AspectRatio="1.5" ColorMultAtDay="0.2" Dir="(1; 0; 0)" Size="0.15" Pos="(6.642; 3.68; 0)"/>
			<Flare _template="IgnitionSignalWhite" AspectRatio="1.5" ColorMultAtDay="0.2" Dir="(1; 0; 0)" Size="0.15" Pos="(6.596; 3.682; -0.792)"/>
			<Flare _template="IgnitionSignalWhite" AspectRatio="1.5" ColorMultAtDay="0.2" Dir="(1; 0; 0)" Size="0.15" Pos="(6.636; 3.677; -0.228)"/>
			<Flare _template="IgnitionSignalOrange" AspectRatio="1.5" ColorMultAtDay="0.2" Dir="(0; 0; 1)" Size="0.15" Pos="(6.017; 3.674; 1.185)" />
			<Flare _template="IgnitionSignalOrange" AspectRatio="1.5" ColorMultAtDay="0.2" Dir="(0; 0; 1)" Size="0.15" Pos="(5.488; 3.669; 1.219)" />
			<Flare _template="IgnitionSignalOrange" AspectRatio="1.5" ColorMultAtDay="0.2" Dir="(0; 0; 1)" Size="0.15" Pos="(4.952; 3.677; 1.216)" />
			<Flare _template="IgnitionSignalOrange" AspectRatio="1.5" ColorMultAtDay="0.2" Dir="(0; 0; -1)" Size="0.15" Pos="(6.017; 3.674; -1.185)" />
			<Flare _template="IgnitionSignalOrange" AspectRatio="1.5" ColorMultAtDay="0.2" Dir="(0; 0; -1)" Size="0.15" Pos="(5.488; 3.669; -1.219)" />
			<Flare _template="IgnitionSignalOrange" AspectRatio="1.5" ColorMultAtDay="0.2" Dir="(0; 0; -1)" Size="0.15" Pos="(4.952; 3.677; -1.216)" />
			<!-- SPOTLIGHT -->
			<Flare _template="IgnitionSignalWhite" AspectRatio="1" ColorMultAtDay="0.2" Dir="(1; 0; 0)" Size="0.4" Pos="(6.714; 3.951; 0.467)"/>
			<Flare _template="IgnitionSignalWhite" AspectRatio="1" ColorMultAtDay="0.2" Dir="(1; 0; 0)" Size="0.4" Pos="(6.714; 3.951; -0.486)"/>
		</Ignition>
		<HeadLight>
			<Flare _template="IgnitionSignalWhite" AspectRatio="1" ColorMultAtDay="0.2" Dir="(1; 0; 0)" Size="0.45" Pos="(6.714; 3.951; 0.467)"/>
			<Flare _template="IgnitionSignalWhite" AspectRatio="1" ColorMultAtDay="0.2" Dir="(1; 0; 0)" Size="0.45" Pos="(6.714; 3.951; -0.486)"/>
			<Model _template="HeadLightRay" Dir="(1; -0.15; 0)" Org="(6.714; 3.951; 0.467)" />
			<Model _template="HeadLightRay" Dir="(1; -0.15; 0)" Org="(6.714; 3.951; -0.486)" />
		</HeadLight>
	</ModelAttachments>
	<GameData
		CameraPreset="roof"
		Category="top"
		IsCustomizable="true"
		Price="800"
		UnlockByExploration="false"
		UnlockByRank="1"
	>
		<UiDesc
			UiDesc="UI_TUNING_FORD_CLT9000_CLT_TOP_FENDER_DESC"
			UiIcon30x30=""
			UiIcon40x40=""
			UiName="UI_TUNING_FORD_CLT9000_CLT_TOP_FENDER_NAME"
		/>
		<InstallSocket CameraPreset="roof" Type="Femm37AtTop" />
	</GameData>
</TruckAddon>
