<_templates Include="trucks"/>
<TruckAddon>
	<TruckData>
		<Damage>
			<Multiplier Multiplier="0.85" Type="Engine" />
		</Damage>
	</TruckData>
	<PhysicsModel Mesh="trucks/mtb_8106_tuning/mtb_8106_cabin_protector_1">
		<Body ImpactType="Truck" Mass="40">
			<Constraint Type="Rigid" />
		</Body>
	</PhysicsModel>
	<ModelAttachments>
		<MainHeadLight>
			<Model _template="HeadLightRay" Org="(0.377; 2.032; -0.365)" />
			<Model _template="HeadLightRay" Org="(0.377; 2.032; 0.365)" />
			<Flare _template="HeadLight" DirAngle="90" Size="0.1" Pos="(0.377; 2.032; -0.572)" />
			<Flare _template="HeadLight" DirAngle="90" Size="0.1" Pos="(0.377; 2.032; -0.502)" />
			<Flare _template="HeadLight" DirAngle="90" Size="0.1" Pos="(0.377; 2.032; -0.435)" />
			<Flare _template="HeadLight" DirAngle="90" Size="0.1" Pos="(0.377; 2.032; -0.365)" />
			<Flare _template="HeadLight" DirAngle="90" Size="0.1" Pos="(0.377; 2.032; -0.295)" />
			<Flare _template="HeadLight" DirAngle="90" Size="0.1" Pos="(0.377; 2.032; -0.225)" />
			<Flare _template="HeadLight" DirAngle="90" Size="0.1" Pos="(0.377; 2.032; -0.155)" />
			<Flare _template="HeadLight" DirAngle="90" Size="0.1" Pos="(0.377; 2.032; 0.572)" />
			<Flare _template="HeadLight" DirAngle="90" Size="0.1" Pos="(0.377; 2.032; 0.502)" />
			<Flare _template="HeadLight" DirAngle="90" Size="0.1" Pos="(0.377; 2.032; 0.435)" />
			<Flare _template="HeadLight" DirAngle="90" Size="0.1" Pos="(0.377; 2.032; 0.365)" />
			<Flare _template="HeadLight" DirAngle="90" Size="0.1" Pos="(0.377; 2.032; 0.295)" />
			<Flare _template="HeadLight" DirAngle="90" Size="0.1" Pos="(0.377; 2.032; 0.225)" />
			<Flare _template="HeadLight" DirAngle="90" Size="0.1" Pos="(0.377; 2.032; 0.155)" />
		</MainHeadLight>
	</ModelAttachments>
	<MainHeadLight _template="Multiply2" />
	<GameData
		CameraPreset="default"
		Category="frame_addons"
		Price="2500"
		UnlockByExploration="false"
		UnlockByRank="1"
	>
		<UiDesc
			UiDesc="UI_TUNING_SAFETY_CAGE_DESC"
			UiIcon30x30=""
			UiIcon40x40=""
			UiName="UI_TUNING_SAFETY_CAGE_NAME"
		/>
		<InstallSocket Type="MTB8106Protector" />
	</GameData>
</TruckAddon>
