<TruckAddon>
	<PhysicsModel Mesh="trucks/mack_defense_m917_tuning/mack_defense_m917_visor_2" />
	<ModelAttachments>
		<Ignition>
			<Flare _template="IgnitionSignalOrange" AspectRatio="1" Color="g(255; 140; 0) x 0.5" Dir="(0; 0; -1)" Size="0.5" Pos="(3.407; 2.963; -0.603)" DirAngle="110" />
			<Flare _template="IgnitionSignalOrange" AspectRatio="1" Color="g(255; 140; 0) x 0.5" Dir="(0; 0; -1)" Size="0.5" Pos="(3.407; 2.963; 0.603)" DirAngle="110" />
		</Ignition>
	</ModelAttachments>
	<GameData
		CameraPreset="visor"
		Category="fender_front"
		Price="1200"
		UnlockByExploration="false"
		UnlockByRank="15"
	>
		<UiDesc
			UiDesc="UI_TUNING_SUNVISOR_NAVISTAR_DOWNWARD_DESC"
			UiIcon30x30=""
			UiIcon40x40=""
			UiName="UI_TUNING_SUNVISOR_NAVISTAR_DOWNWARD_NAME"
		/>
		<InstallSocket Type="MackDefenseM917Visor" />
	</GameData>
</TruckAddon>
