<_templates Include="trucks">
	<Body>
		<Hitch AngularDamping="3.0" Collisions="None" Mass="1">
			<Constraint
				AxisLocal="(0; 0; 1)"
				Type="Hinge"
				MinLimit="-30"
				MaxLimit="70"
			/>
		</Hitch>
	</Body>
</_templates>
<TruckAddon>
	<TruckData>
		<Damage>
			<Multiplier Multiplier="0.8" Type="Engine" />
		</Damage>
	</TruckData>
	<PhysicsModel Mesh="trucks/rezvani_tank_tuning/rezvani_tank_bumper_1">
		<Body ImpactType="Truck" Mass="20" ModelFrame="BoneChassis_cdt">
			<Constraint Type="Rigid" />
			<Body
				AngularDamping="6"
				Collisions="None"
				Mass="1"
				ModelFrame="BoneHook_cdt"
			>
				<Constraint
					AxisLocal="(0; 0; 1)"
					Type="Hinge"
					MinLimit="-15"
					MaxLimit="8.5"
				/>
			</Body>
			<Body _template="Hitch" ModelFrame="BoneHitch_cdt" />
		</Body>
	</PhysicsModel>
	<ModelAttachments>
		<MainHeadLight>
			<Flare _template="HeadLight" Size="0.25" Color="g(255; 255; 255) x 0.37" Pos="(2.253; 0.960; -0.659)" />
			<Flare _template="HeadLight" Size="0.25" Color="g(255; 255; 255) x 0.37" Pos="(2.253; 0.960; 0.659)" />
		</MainHeadLight>
		<Ignition>
			<Flare _template="IgnitionSignalWhite" Dir="(1; 0; 0)" Color="g(197; 233; 250) x 0.15" Size="0.1" Pos="(2.253; 0.972; -0.724)" ParentFrame="BoneChassis_cdt" />
			<Flare _template="IgnitionSignalWhite" Dir="(1; 0; 0)" Color="g(197; 233; 250) x 0.15" Size="0.1" Pos="(2.253; 0.972; -0.699)" ParentFrame="BoneChassis_cdt" />
			<Flare _template="IgnitionSignalWhite" Dir="(1; 0; 0)" Color="g(197; 233; 250) x 0.15" Size="0.1" Pos="(2.253; 0.972; -0.672)" ParentFrame="BoneChassis_cdt" />
			<Flare _template="IgnitionSignalWhite" Dir="(1; 0; 0)" Color="g(197; 233; 250) x 0.15" Size="0.1" Pos="(2.253; 0.972; -0.647)" ParentFrame="BoneChassis_cdt" />
			<Flare _template="IgnitionSignalWhite" Dir="(1; 0; 0)" Color="g(197; 233; 250) x 0.15" Size="0.1" Pos="(2.253; 0.972; -0.620)" ParentFrame="BoneChassis_cdt" />
			<Flare _template="IgnitionSignalWhite" Dir="(1; 0; 0)" Color="g(197; 233; 250) x 0.15" Size="0.1" Pos="(2.253; 0.972; -0.595)" ParentFrame="BoneChassis_cdt" />
			
			<Flare _template="IgnitionSignalWhite" Dir="(1; 0; 0)" Color="g(197; 233; 250) x 0.15" Size="0.1" Pos="(2.253; 0.947; -0.724)" ParentFrame="BoneChassis_cdt" />
			<Flare _template="IgnitionSignalWhite" Dir="(1; 0; 0)" Color="g(197; 233; 250) x 0.15" Size="0.1" Pos="(2.253; 0.947; -0.699)" ParentFrame="BoneChassis_cdt" />
			<Flare _template="IgnitionSignalWhite" Dir="(1; 0; 0)" Color="g(197; 233; 250) x 0.15" Size="0.1" Pos="(2.253; 0.947; -0.672)" ParentFrame="BoneChassis_cdt" />
			<Flare _template="IgnitionSignalWhite" Dir="(1; 0; 0)" Color="g(197; 233; 250) x 0.15" Size="0.1" Pos="(2.253; 0.947; -0.647)" ParentFrame="BoneChassis_cdt" />
			<Flare _template="IgnitionSignalWhite" Dir="(1; 0; 0)" Color="g(197; 233; 250) x 0.15" Size="0.1" Pos="(2.253; 0.947; -0.620)" ParentFrame="BoneChassis_cdt" />
			<Flare _template="IgnitionSignalWhite" Dir="(1; 0; 0)" Color="g(197; 233; 250) x 0.15" Size="0.1" Pos="(2.253; 0.947; -0.595)" ParentFrame="BoneChassis_cdt" />
			
			<Flare _template="IgnitionSignalWhite" Dir="(1; 0; 0)" Color="g(197; 233; 250) x 0.15" Size="0.1" Pos="(2.253; 0.972; 0.724)" ParentFrame="BoneChassis_cdt" />
			<Flare _template="IgnitionSignalWhite" Dir="(1; 0; 0)" Color="g(197; 233; 250) x 0.15" Size="0.1" Pos="(2.253; 0.972; 0.699)" ParentFrame="BoneChassis_cdt" />
			<Flare _template="IgnitionSignalWhite" Dir="(1; 0; 0)" Color="g(197; 233; 250) x 0.15" Size="0.1" Pos="(2.253; 0.972; 0.672)" ParentFrame="BoneChassis_cdt" />
			<Flare _template="IgnitionSignalWhite" Dir="(1; 0; 0)" Color="g(197; 233; 250) x 0.15" Size="0.1" Pos="(2.253; 0.972; 0.647)" ParentFrame="BoneChassis_cdt" />
			<Flare _template="IgnitionSignalWhite" Dir="(1; 0; 0)" Color="g(197; 233; 250) x 0.15" Size="0.1" Pos="(2.253; 0.972; 0.620)" ParentFrame="BoneChassis_cdt" />
			<Flare _template="IgnitionSignalWhite" Dir="(1; 0; 0)" Color="g(197; 233; 250) x 0.15" Size="0.1" Pos="(2.253; 0.972; -0.595)" ParentFrame="BoneChassis_cdt" />
			
			<Flare _template="IgnitionSignalWhite" Dir="(1; 0; 0)" Color="g(197; 233; 250) x 0.15" Size="0.1" Pos="(2.253; 0.947; 0.724)" ParentFrame="BoneChassis_cdt" />
			<Flare _template="IgnitionSignalWhite" Dir="(1; 0; 0)" Color="g(197; 233; 250) x 0.15" Size="0.1" Pos="(2.253; 0.947; 0.699)" ParentFrame="BoneChassis_cdt" />
			<Flare _template="IgnitionSignalWhite" Dir="(1; 0; 0)" Color="g(197; 233; 250) x 0.15" Size="0.1" Pos="(2.253; 0.947; 0.672)" ParentFrame="BoneChassis_cdt" />
			<Flare _template="IgnitionSignalWhite" Dir="(1; 0; 0)" Color="g(197; 233; 250) x 0.15" Size="0.1" Pos="(2.253; 0.947; 0.647)" ParentFrame="BoneChassis_cdt" />
			<Flare _template="IgnitionSignalWhite" Dir="(1; 0; 0)" Color="g(197; 233; 250) x 0.15" Size="0.1" Pos="(2.253; 0.947; 0.620)" ParentFrame="BoneChassis_cdt" />
			<Flare _template="IgnitionSignalWhite" Dir="(1; 0; 0)" Color="g(197; 233; 250) x 0.15" Size="0.1" Pos="(2.253; 0.947; 0.595)" ParentFrame="BoneChassis_cdt" />
			
			<Flare _template="IgnitionSignalWhite" Dir="(1; 0; 0)" Color="g(197; 233; 250) x 0.15" Size="0.2" Pos="(2.318; 0.770; -0.626)" ParentFrame="BoneChassis_cdt" />
			<Flare _template="IgnitionSignalWhite" Dir="(1; 0; 0)" Color="g(197; 233; 250) x 0.15" Size="0.2" Pos="(2.318; 0.770; 0.626)" ParentFrame="BoneChassis_cdt" />
			<Flare _template="IgnitionSignalWhite" Dir="(1; 0; 0)" Color="g(197; 233; 250) x 0.15" Size="0.2" Pos="(2.286; 0.776; -0.689)" ParentFrame="BoneChassis_cdt" />
			<Flare _template="IgnitionSignalWhite" Dir="(1; 0; 0)" Color="g(197; 233; 250) x 0.15" Size="0.2" Pos="(2.286; 0.776; 0.689)" ParentFrame="BoneChassis_cdt" />
		</Ignition>
	</ModelAttachments>
	<GameData
		CameraPreset="default"
		Category="bumper"
		Price="1200"
		UnlockByExploration="false"
		UnlockByRank="1"
	>
		<UiDesc
			UiDesc="UI_TUNING_BUMPER_FOGLIGHTER_DESC"
			UiIcon30x30=""
			UiIcon40x40=""
			UiName="UI_TUNING_BUMPER_FOGLIGHTER_NAME"
		/>
		<InstallSocket Type="RezvaniTankBumper1" />
	</GameData>
</TruckAddon>
